hostname;interface;link_state;admin_state;vlan;ip;description
DC-WAN-RTR-01;TenGigabitEthernet0/0/0;up;up;;;.: Connect to DC-SW-LEAF1-BDR-L3 Port Eth :.
DC-WAN-RTR-01;TenGigabitEthernet0/0/1;up;up;;;.:Connect to DC-SW-LEAF2-BDR-L3 Eth :.
DC-WAN-RTR-01;TenGigabitEthernet0/0/2;up;up;;;.: MPLS to DC-SW-LEAF1-BDR-L3 Eth :.
DC-WAN-RTR-01;TenGigabitEthernet0/0/3;up;up;;;.: MPLS to DC-SW-LEAF2-BDR-L3 Eth :.
DC-WAN-RTR-01;TenGigabitEthernet0/0/4;up;up;;;.: Metro-E to DC-SW-LEAF1-BDR-L3 Eth :.
DC-WAN-RTR-01;TenGigabitEthernet0/0/5;up;up;;;.: Metro-E to DC-SW-LEAF2-BDR-L3 Eth :.
DC-WAN-RTR-01;TenGigabitEthernet0/0/6;up;up;;;
DC-WAN-RTR-01;TenGigabitEthernet0/0/7;up;up;1;;
DC-WAN-RTR-01;TenGigabitEthernet0/0/7.1;up;up;;;
DC-WAN-RTR-01;TenGigabitEthernet0/0/7.2;administratively down;down;140;192.168.100.77;MULTIMEDIA KANWIL 1 MEDAN | 192.168.100.77
DC-WAN-RTR-01;TenGigabitEthernet0/0/7.3;administratively down;down;650;192.168.100.178;MULTIMEDIA KC SOLO | 192.168.100.178
DC-WAN-RTR-01;TenGigabitEthernet0/0/7.4;up;up;467;192.168.100.209;MULTIMEDIA PLAZA BBD | 192.168.100.209
DC-WAN-RTR-01;TenGigabitEthernet0/0/7.5;administratively down;down;;;MULTIMEDIA KC BALIKPAPAN | 192.168.101.33
DC-WAN-RTR-01;TenGigabitEthernet0/0/7.6;up;up;;;
DC-WAN-RTR-01;TenGigabitEthernet0/0/7.7;up;up;;;MULTIMEDIA KANWIL MAKASSAR | 192.168.101.9
DC-WAN-RTR-01;TenGigabitEthernet0/0/7.8;administratively down;down;;;MULTIMEDIA PEKANBARU | 192.168.100.45
DC-WAN-RTR-01;TenGigabitEthernet0/0/7.10;up;up;923;192.168.102.185;TESTING MULTIMEDIA KANWIL MAKASSAR | 192.168.102.185
DC-WAN-RTR-01;TenGigabitEthernet0/0/7.11;administratively down;down;225;;LINK MULTIMEDIA_BANDUNG
DC-WAN-RTR-01;TenGigabitEthernet0/0/7.12;up;up;;;
DC-WAN-RTR-01;TenGigabitEthernet0/0/7.13;up;up;;;KC SALEMBA VCON Hassanuddin| 192.168.100.65
DC-WAN-RTR-01;TenGigabitEthernet0/0/8;up;up;;10.0.252.122;.: BACKBONE DWDM REMPOA - SIGMA TELKOM
DC-WAN-RTR-01;TenGigabitEthernet0/0/9;administratively down;down;;2.2.2.1;.: BACKBONE DWDM REMPOA - SIGMA INDOSAT :.
DC-WAN-RTR-01;TenGigabitEthernet0/0/10;up;up;;10.220.254.249;.: Connect to DC-CORE-01 :.
DC-WAN-RTR-01;TenGigabitEthernet0/0/11;down;down;;;
DC-WAN-RTR-01;GigabitEthernet0;up;up;;10.0.122.28;
DC-WAN-RTR-01;Loopback0;up;up;;10.0.124.51;
DC-WAN-RTR-01;Loopback100;administratively down;down;;10.9.9.9;
DC-WAN-RTR-01;Port-channel1;up;up;1;;.: UPSTREAM ISP MPLS :.
DC-WAN-RTR-01;Port-channel1.3;up;up;12;181.181.2.10;.: Connect to MPLS ICON :.
DC-WAN-RTR-01;Port-channel1.5;up;up;14;192.168.255.102;.: Connect to MPLS ARTAKOM OUTLET :.
DC-WAN-RTR-01;Port-channel1.6;up;up;15;192.168.255.94;.: Connect to MPLS ARTAKOM ATM :.
DC-WAN-RTR-01;Port-channel1.7;up;up;16;192.168.76.2;.: Connect to MPLS TELKOM :.
DC-WAN-RTR-01;Port-channel1.8;up;up;2001;10.0.126.229;.: BACKBONE REMPOA - THAMRIN LINTAS :.
DC-WAN-RTR-01;Port-channel1.9;up;up;2003;10.0.126.233;.: BACKBONE REMPOA - THAMRIN ICON :.
DC-WAN-RTR-01;Port-channel1.10;administratively down;down;30;10.0.126.241;BACKBONE DWDM REMPOA - SIGMA INDOSAT
DC-WAN-RTR-01;Port-channel1.11;up;up;31;192.168.255.65;BACKHAUL WINCOR 3C
DC-WAN-RTR-01;Port-channel1.12;up;up;32;192.168.255.74;.: Connect to MPLS SANATEL-POC :.
DC-WAN-RTR-01;Port-channel1.13;up;up;33;192.168.255.81;.: Connect to VSAT TANGARA-POC :.
DC-WAN-RTR-01;Port-channel1.14;up;up;2002;10.0.126.153;description .: BACKBONE REMPOA - TOWER LINTAS :. TEMPORARY SHUT
DC-WAN-RTR-01;Port-channel1.15;up;up;2004;10.0.126.161;.: BACKBONE REMPOA - TOWER ICON :. TEMPORARY SHUT
DC-WAN-RTR-01;Port-channel2;up;up;1;;.: UPSTREAM ISP METRO-E ICON :.
DC-WAN-RTR-01;Port-channel2.1;up;up;33;192.168.102.161;WISMA ANTARA
DC-WAN-RTR-01;Port-channel2.2;up;up;59;192.168.254.254;TEST_METRO_DC_REMPOA
DC-WAN-RTR-01;Port-channel2.3;up;up;102;30.52.33.1;KCP CILEDUG CIREBON
DC-WAN-RTR-01;Port-channel2.4;up;up;108;192.168.100.145;KCP SITEBA | 192.168.100.146
DC-WAN-RTR-01;Port-channel2.5;up;up;109;30.53.32.1;KCP BATANG
DC-WAN-RTR-01;Port-channel2.6;up;up;116;192.168.102.137;KCP CILANDAK | 192.168.102.137
DC-WAN-RTR-01;Port-channel2.7;up;up;117;192.168.102.237;KC YOGYAKARTA NEW
DC-WAN-RTR-01;Port-channel2.8;up;up;131;192.168.102.193;KCP KLENDER | 192.168.102.193
DC-WAN-RTR-01;Port-channel2.9;up;up;136;192.168.104.197;KCP KEMANG RAYA JAKARTA | 192.168.104.197
DC-WAN-RTR-01;Port-channel2.10;up;up;137;30.51.11.1;KCP CIRENDEU | 30.51.11.1
DC-WAN-RTR-01;Port-channel2.11;up;up;138;30.52.40.1;KCP CIKARANG JABABEKA : 30.52.40.1
DC-WAN-RTR-01;Port-channel2.12;up;up;139;30.52.43.1;KCP SIMPANG POMAD BOGOR | 30.52.43.1
DC-WAN-RTR-01;Port-channel2.13;up;up;141;30.50.62.1;KCP NUSANTARA DEPOK | 30.50.62.1
DC-WAN-RTR-01;Port-channel2.14;up;up;142;192.168.104.213;LINk KC BENGKULU_NEW
DC-WAN-RTR-01;Port-channel2.15;up;up;143;192.168.102.217;KCP KEBAYORAN LAMA | 192.168.102.217
DC-WAN-RTR-01;Port-channel2.16;up;up;144;30.55.10.1;CONNECT TO KCP KOTAGEDE YOGYAKARTA | 30.55.10.1
DC-WAN-RTR-01;Port-channel2.17;up;up;145;30.50.70.1;KCP PULOGADUNG TRADE CENTER | 30.50.70.1
DC-WAN-RTR-01;Port-channel2.18;up;up;146;30.50.77.1;KC CENGKARENG | 30.50.77.1
DC-WAN-RTR-01;Port-channel2.19;up;up;147;30.50.58.1;KCP HARMONI GAJAH MADA | 30.50.58.1
DC-WAN-RTR-01;Port-channel2.20;up;up;148;30.53.29.1;KC KENDAL | 30.53.29.1
DC-WAN-RTR-01;Port-channel2.21;up;up;150;30.55.8.1;KCP GODEAN
DC-WAN-RTR-01;Port-channel2.22;up;up;151;30.53.15.1;KCP PROBOLINGGO
DC-WAN-RTR-01;Port-channel2.23;up;up;;;
DC-WAN-RTR-01;Port-channel2.24;up;up;153;30.53.25.1;KCP WONOGIRI
DC-WAN-RTR-01;Port-channel2.25;up;up;154;30.50.37.1;KCP CAKUNG
DC-WAN-RTR-01;Port-channel2.26;up;up;155;30.52.22.1;KCP SUBANG OTISTA 1
DC-WAN-RTR-01;Port-channel2.27;up;up;156;30.52.25.1;KCP SETIA BUDI BANDUNG | 30.52.25.1
DC-WAN-RTR-01;Port-channel2.28;up;up;157;30.53.16.1;KCP BOYOLALI
DC-WAN-RTR-01;Port-channel2.29;up;up;158;30.52.34.1;KCP SUBANG PAMANUKAN
DC-WAN-RTR-01;Port-channel2.30;up;up;159;30.52.32.1;KCP INDRAMAYU | 30.52.32.2
DC-WAN-RTR-01;Port-channel2.31;up;up;160;30.52.28.1;KCP SUMEDANG
DC-WAN-RTR-01;Port-channel2.32;administratively down;down;161;;KCP TAMBUN
DC-WAN-RTR-01;Port-channel2.33;up;up;162;30.50.39.1;KCP CIKAMPEK
DC-WAN-RTR-01;Port-channel2.34;up;up;163;30.76.3.1;KCP BULELENG
DC-WAN-RTR-01;Port-channel2.35;up;up;;;CICURUG 30.52.30.1
DC-WAN-RTR-01;Port-channel2.36;up;up;165;192.168.100.125;KCP KLAMPIS
DC-WAN-RTR-01;Port-channel2.37;up;up;167;10.4.39.1;CFBC SURABAYA
DC-WAN-RTR-01;Port-channel2.38;up;up;168;192.168.102.13;KCP DEPOK 2
DC-WAN-RTR-01;Port-channel2.39;up;up;;;
DC-WAN-RTR-01;Port-channel2.40;up;up;170;192.168.102.53;KCP A YANI PONTIANAK | 192.168.102.53
DC-WAN-RTR-01;Port-channel2.41;up;up;171;192.168.102.49;LINK KCP MERUYA
DC-WAN-RTR-01;Port-channel2.42;up;up;172;10.5.116.1;DCA Kebun Sayur
DC-WAN-RTR-01;Port-channel2.43;up;up;174;192.168.102.73;FOC SOLO
DC-WAN-RTR-01;Port-channel2.44;up;up;176;30.52.27.1;KCP CITEUREUP
DC-WAN-RTR-01;Port-channel2.45;up;up;177;192.168.100.41;KC WARUNG BUNCIT | 192.168.100.41
DC-WAN-RTR-01;Port-channel2.46;up;up;216;192.168.101.245;KCP CIKINI JKT | i 192.168.101.245
DC-WAN-RTR-01;Port-channel2.47;up;up;227;192.168.100.29;KCP PADALARANG | 192.168.100.29
DC-WAN-RTR-01;Port-channel2.48;up;up;228;30.51.17.1;KC TANGERANG CITY | 30.51.17.1
DC-WAN-RTR-01;Port-channel2.49;administratively down;down;;;KANWIL 5 A YANI MAKASSAR | 192.168.101.9
DC-WAN-RTR-01;Port-channel2.50;up;up;237;192.168.104.205;KC MAMUJU
DC-WAN-RTR-01;Port-channel2.51;up;up;247;192.168.100.5;KCP KABANJAHE | 192.168.100.6
DC-WAN-RTR-01;Port-channel2.52;up;up;248;30.54.33.1;KCP LAMONGAN JATIM | 30.54.33.1
DC-WAN-RTR-01;Port-channel2.53;up;up;252;192.168.100.173;KCP_KALITIDU | 192.168.100.174
DC-WAN-RTR-01;Port-channel2.54;up;up;255;192.168.102.85;FOC BANDUNG
DC-WAN-RTR-01;Port-channel2.55;up;up;260;192.168.102.241;LINk KM 5 PALEMBANG (TESTING RELOKASI)
DC-WAN-RTR-01;Port-channel2.56;up;up;113;10.99.7.10;KCP MALANG SINGOSARI
DC-WAN-RTR-01;Port-channel2.57;up;up;270;192.168.104.209;LINk KC GORONTALO
DC-WAN-RTR-01;Port-channel2.58;up;up;282;192.168.100.165;KCP PACITAN | 192.168.100.165
DC-WAN-RTR-01;Port-channel2.59;up;up;287;192.168.100.181;KCP AUR BIRUGO TIGO BALEH | 192.168.100.181
DC-WAN-RTR-01;Port-channel2.60;up;up;318;192.168.101.197;KCP KEMANG PRATAMA BEKASI | 192.168.101.197
DC-WAN-RTR-01;Port-channel2.61;up;up;319;30.50.59.1;KCP GADING ORCHAD | 30.50.59.1
DC-WAN-RTR-01;Port-channel2.62;up;up;;;
DC-WAN-RTR-01;Port-channel2.63;up;up;324;192.168.102.17;KCP_MAJALENGKA | 192.168.102.17
DC-WAN-RTR-01;Port-channel2.64;up;up;325;192.168.101.249;CFBC SEMARANG
DC-WAN-RTR-01;Port-channel2.65;up;up;326;192.168.102.5;KCP PRINGSEWU | 192.168.102.5
DC-WAN-RTR-01;Port-channel2.66;up;up;327;192.168.101.193;KC CIBUBUR | 192.168.101.193
DC-WAN-RTR-01;Port-channel2.67;up;up;328;192.168.102.89;LINK AFO BOGOR
DC-WAN-RTR-01;Port-channel2.68;up;up;329;192.168.102.1;CFBC YOGYAKARTA
DC-WAN-RTR-01;Port-channel2.69;up;up;330;192.168.102.29;KCP PASAR MINGGU
DC-WAN-RTR-01;Port-channel2.70;up;up;331;30.50.40.5;KC BANYUWANGI | 30.50.40.5
DC-WAN-RTR-01;Port-channel2.71;up;up;332;192.168.102.9;KC SALATIGA | 192.168.102.9
DC-WAN-RTR-01;Port-channel2.72;up;up;;;KC SALATIGA | 192.168.102.9
DC-WAN-RTR-01;Port-channel2.73;up;up;;;KC SALATIGA | 192.168.102.9
DC-WAN-RTR-01;Port-channel2.74;administratively down;down;;;
DC-WAN-RTR-01;Port-channel2.75;up;up;334;10.35.32.2;AFO_BUKITTINGGI
DC-WAN-RTR-01;Port-channel2.76;up;up;335;30.53.33.1;KCP PURWODADI
DC-WAN-RTR-01;Port-channel2.77;up;up;336;192.168.100.213;KCP RING ROAD MEDAN | 192.168.100.213
DC-WAN-RTR-01;Port-channel2.78;up;up;337;192.168.101.153;KC YOGYAKARTA | 192.168.101.153
DC-WAN-RTR-01;Port-channel2.79;up;up;338;192.168.101.105;KC PURWOKERTO |
DC-WAN-RTR-01;Port-channel2.80;up;up;339;192.168.101.109;KC TEGAL 10.5.5.193
DC-WAN-RTR-01;Port-channel2.81;up;up;340;192.168.101.113;KC PATI | 192.168.101.113
DC-WAN-RTR-01;Port-channel2.82;up;up;341;192.168.101.129;KC TASIKMALAYA
DC-WAN-RTR-01;Port-channel2.83;up;up;342;192.168.101.97;KC PURWAKARTA
DC-WAN-RTR-01;Port-channel2.84;up;up;343;192.168.101.141;KC GARUT | 192.168.101.141
DC-WAN-RTR-01;Port-channel2.85;up;up;344;192.168.101.117;KC BANDUNG KOPO | 192.168.101.117
DC-WAN-RTR-01;Port-channel2.86;up;up;345;192.168.101.125;KC SUKABUMI | 192.168.101.125
DC-WAN-RTR-01;Port-channel2.87;up;up;346;192.168.101.145;KC CIANJUR | 192.168.101.145
DC-WAN-RTR-01;Port-channel2.88;up;up;347;192.168.101.177;KC BUKITTINGGI | 192.168.101.177
DC-WAN-RTR-01;Port-channel2.89;up;up;348;192.168.101.93;KC PAYAKUMBUH | 192.168.101.93
DC-WAN-RTR-01;Port-channel2.90;up;up;349;192.168.101.101;KC GRESIK 192.168.101.101
DC-WAN-RTR-01;Port-channel2.91;up;up;350;192.168.101.133;| in KC PAMEKASAN 192.168.101.133
DC-WAN-RTR-01;Port-channel2.92;up;up;351;192.168.101.89;LINK KC MALANG | 192.168.101.90
DC-WAN-RTR-01;Port-channel2.93;up;up;353;192.168.101.233;KC BOJONEGORO 192.168.101.233
DC-WAN-RTR-01;Port-channel2.94;up;up;233;192.168.105.117;AFO JAMBI
DC-WAN-RTR-01;Port-channel2.95;up;up;355;192.168.101.85;LINK KC LUBUK PAKAM | 192.168.101.73
DC-WAN-RTR-01;Port-channel2.96;up;up;356;192.168.101.169;LINK KC MEDAN PASAR 16 ILIR
DC-WAN-RTR-01;Port-channel2.97;up;up;357;192.168.101.69;KC BEKASI | 192.168.101.69
DC-WAN-RTR-01;Port-channel2.98;up;up;358;192.168.101.173;KC PANGKAL PINANG | 192.168.101.173
DC-WAN-RTR-01;Port-channel2.99;up;up;359;192.168.101.149;LINK KC MEDAN KP BARU
DC-WAN-RTR-01;Port-channel2.100;up;up;360;192.168.101.161;KC SIBOLGA | 192.168.101.161
DC-WAN-RTR-01;Port-channel2.101;up;up;361;192.168.101.185;KCP SILIWANGI CIREBON | 192.168.101.185
DC-WAN-RTR-01;Port-channel2.102;up;up;362;192.168.101.157;LINK KC MANADO
DC-WAN-RTR-01;Port-channel2.103;up;up;363;192.168.101.165;KC BANDARJAYA | 192.168.101.165
DC-WAN-RTR-01;Port-channel2.104;up;up;364;192.168.101.221;KC PLUIT 192.168.101.221
DC-WAN-RTR-01;Port-channel2.105;up;up;365;192.168.102.25;KCP PLERED CIREBON
DC-WAN-RTR-01;Port-channel2.106;up;up;367;192.168.101.209;KCP PADANG SIDEMPUAN
DC-WAN-RTR-01;Port-channel2.107;up;up;368;30.55.7.1;KCP WONOSARI
DC-WAN-RTR-01;Port-channel2.108;up;up;370;192.168.100.129;KCP JEMBATAN MERAH SBY
DC-WAN-RTR-01;Port-channel2.109;up;up;;;KCP_GUDANG_PELURU | 192.168.100.21
DC-WAN-RTR-01;Port-channel2.110;up;up;377;192.168.100.1;KCP GANDARIA JL RY BOGOR | 192.168.100.2
DC-WAN-RTR-01;Port-channel2.111;up;up;378;192.168.100.185;AREA CIREBON | 192.168.100.185
DC-WAN-RTR-01;Port-channel2.112;up;up;379;192.168.100.205;KC CIREBON | 192.168.100.206
DC-WAN-RTR-01;Port-channel2.113;administratively down;down;;;KC BENGKULU | 192.168.101.181
DC-WAN-RTR-01;Port-channel2.114;up;up;381;30.53.14.1;KCP SRAGEN
DC-WAN-RTR-01;Port-channel2.115;up;up;388;30.50.55.1;RFO_HASANUDIN
DC-WAN-RTR-01;Port-channel2.116;up;up;389;192.168.100.217;KCP JATINANGOR | 192.168.100.218
DC-WAN-RTR-01;Port-channel2.117;up;up;661;192.168.100.137;KCP CIKARANG | 192.168.100.137
DC-WAN-RTR-01;Port-channel2.118;up;up;408;192.168.102.69;CFBO DENPASAR RENON
DC-WAN-RTR-01;Port-channel2.119;up;up;409;30.50.87.1;KC KELAPA GADING | 30.50.87.1
DC-WAN-RTR-01;Port-channel2.120;up;up;410;192.168.101.229;KCP CIAMIS LINK BACKUP 192.168.101.229
DC-WAN-RTR-01;Port-channel2.121;up;up;421;30.50.86.1;KC PONDOK GEDE | 10.5.3.129
DC-WAN-RTR-01;Port-channel2.122;up;up;428;30.63.24.1;KC MEDAN GAJAH MADA
DC-WAN-RTR-01;Port-channel2.123;up;up;432;192.168.101.205;KC CIBINONG/CFBC CIBINONG
DC-WAN-RTR-01;Port-channel2.124;up;up;437;30.50.46.1;GRAHA MANDIRI | 30.50.46.2
DC-WAN-RTR-01;Port-channel2.125;up;up;441;192.168.100.225;KC PALEMBANG LEBAR DAUN | 192.168.100.225
DC-WAN-RTR-01;Port-channel2.126;up;up;447;30.50.82.1;CONNECT TO KC PONDOK KELAPA | 30.50.82.1
DC-WAN-RTR-01;Port-channel2.127;up;up;466;30.50.85.1;KC SUNTER AGUNG | 30.50.85.1
DC-WAN-RTR-01;Port-channel2.128;up;up;473;192.168.101.17;KCP HASAN BASRI BANJARMASIN | 192.168.101.17
DC-WAN-RTR-01;Port-channel2.129;up;up;474;30.50.54.1;IAG JL SURABAYA
DC-WAN-RTR-01;Port-channel2.130;up;up;486;30.53.26.1;KCP SEMARANG TIMUR | 30.53.26.1
DC-WAN-RTR-01;Port-channel2.131;up;up;487;30.54.38.1;KCP KRIAN | 30.54.38.2
DC-WAN-RTR-01;Port-channel2.132;up;up;488;30.75.2.1;KCP PRAYA
DC-WAN-RTR-01;Port-channel2.133;up;up;;;KCP PARIGI MUTONG
DC-WAN-RTR-01;Port-channel2.134;up;up;490;192.168.101.13;LINK KC SIMPANG PATAL NEW
DC-WAN-RTR-01;Port-channel2.135;up;up;491;192.168.101.225;KC MEDAN AKSARA | 192.168.101.225
DC-WAN-RTR-01;Port-channel2.136;up;up;505;192.168.101.237;LINK KC CIPUTAT
DC-WAN-RTR-01;Port-channel2.137;up;up;552;192.168.100.61;KCP TALUK KUANTAN | 192.168.100.62
DC-WAN-RTR-01;Port-channel2.138;up;up;584;30.52.39.1;KC BANDUNG SUCI A YANI | 30.52.39.1
DC-WAN-RTR-01;Port-channel2.139;up;up;533;192.168.100.37;LINK TO KCP RADIO DALAM | 192.168.100.37
DC-WAN-RTR-01;Port-channel2.140;up;up;587;192.168.100.9;KCP NASUTION | 192.168.100.10
DC-WAN-RTR-01;Port-channel2.141;up;up;588;192.168.100.33;KCP PADANG BULAN | 192.168.100.34
DC-WAN-RTR-01;Port-channel2.142;up;up;597;192.168.100.249;KCP MT HARYONO SEMARANG | 192.168.100.249
DC-WAN-RTR-01;Port-channel2.143;up;up;598;192.168.100.233;KCP AJIBARANG | 192.168.100.233
DC-WAN-RTR-01;Port-channel2.144;up;up;599;192.168.100.237;KCP MOJOSARI | 192.168.100.238
DC-WAN-RTR-01;Port-channel2.145;up;up;600;30.53.31.1;KCP BANJARNEGARA | 30.53.31.1
DC-WAN-RTR-01;Port-channel2.146;up;up;603;30.54.20.1;KCP KEPANJEN | 30.54.20.1
DC-WAN-RTR-01;Port-channel2.147;up;up;626;192.168.100.113;KCP PSR REBO | 192.168.100.114
DC-WAN-RTR-01;Port-channel2.148;up;up;628;192.168.100.89;KCP MENTENG BLORA | 192.168.100.90
DC-WAN-RTR-01;Port-channel2.149;up;up;629;192.168.100.69;KCP_JATIASIH | 192.168.100.69
DC-WAN-RTR-01;Port-channel2.150;up;up;630;192.168.100.81;KCP JATIBENING | 192.168.100.82
DC-WAN-RTR-01;Port-channel2.151;up;up;631;192.168.101.33;KC BALIKPAPAN | 192.168.101.33
DC-WAN-RTR-01;Port-channel2.152;up;up;634;30.50.78.1;LINK TO HAYAM WURUK JKT : 30.50.78.1
DC-WAN-RTR-01;Port-channel2.153;up;up;638;192.168.100.117;KCP CIDENG | 192.168.100.117
DC-WAN-RTR-01;Port-channel2.154;up;up;640;192.168.100.101;KCP PATROL | 192.168.100.102
DC-WAN-RTR-01;Port-channel2.155;up;up;641;192.168.100.93;KCP SUKANAGARA | 192.168.100.94
DC-WAN-RTR-01;Port-channel2.156;up;up;642;192.168.100.109;KK MANAHAN SOLO |192.168.100.109
DC-WAN-RTR-01;Port-channel2.157;up;up;643;192.168.103.217;KCP JAKARTA PASAR BARU
DC-WAN-RTR-01;Port-channel2.158;up;up;644;192.168.100.97;AFO BALIKPAPAN
DC-WAN-RTR-01;Port-channel2.159;up;up;645;192.168.100.73;KCP WARU | 192.168.100.74
DC-WAN-RTR-01;Port-channel2.160;up;up;647;192.168.100.105;KCP MEDAN DISKI | 192.168.100.106
DC-WAN-RTR-01;Port-channel2.161;up;up;648;192.168.100.141;KCP ADIWERNA TEGAL | 192.168.100.141
DC-WAN-RTR-01;Port-channel2.162;up;up;649;192.168.100.161;KCP WIROBRAJAN YOGYAKARTA | 192.168.100.161
DC-WAN-RTR-01;Port-channel2.163;up;up;651;10.129.17.2;KCP NGALIYAN | 192.168.100.169
DC-WAN-RTR-01;Port-channel2.164;up;up;652;30.57.28.1;LINK KCP BATU SANGKAR | 30.57.28.1
DC-WAN-RTR-01;Port-channel2.165;up;up;653;30.50.52.1;LINK KCP Dewi sartika | 30.50.52.1
DC-WAN-RTR-01;Port-channel2.166;up;up;659;192.168.100.193;KCP PRIUK TANGERANG
DC-WAN-RTR-01;Port-channel2.167;up;up;660;192.168.100.201;KCP BOGOR SUDIRMAN 192.168.100.201
DC-WAN-RTR-01;Port-channel2.168;up;up;;;UDAH_TUTUP
DC-WAN-RTR-01;Port-channel2.169;up;up;662;192.168.100.241;KC SERANG | 192.168.100.241
DC-WAN-RTR-01;Port-channel2.170;up;up;663;192.168.101.77;KC SEMARANG | 192.168.101.77
DC-WAN-RTR-01;Port-channel2.171;up;up;666;192.168.101.45;LINK KC BANDAR LAMPUNG | 192.168.101.46
DC-WAN-RTR-01;Port-channel2.172;up;up;668;192.168.101.57;LINK KC MAYESTIK 192.168.101.58
DC-WAN-RTR-01;Port-channel2.173;up;up;669;192.168.101.37;KCP BARITO 192.168.101.38
DC-WAN-RTR-01;Port-channel2.174;up;up;674;192.168.100.245;KCP JAKA BARING PALEMBANG | 192.168.100.245
DC-WAN-RTR-01;Port-channel2.175;up;up;675;192.168.101.5;KCP SUMANTRI BANDUNG | 192.168.101.5
DC-WAN-RTR-01;Port-channel2.177;up;up;678;192.168.101.53;KCP SAMPANG 192.168.101.54
DC-WAN-RTR-01;Port-channel2.178;up;up;679;10.5.122.129;CMFO_YOGYA
DC-WAN-RTR-01;Port-channel2.179;up;up;680;192.168.102.181;TEST THAMRIN 192.168.102.182
DC-WAN-RTR-01;Port-channel2.180;up;up;691;30.52.8.1;KCP KUNINGAN CIREBON | 30.52.8.1
DC-WAN-RTR-01;Port-channel2.181;up;up;692;192.168.101.49;KCP PARE KEDIRI 192.168.101.50
DC-WAN-RTR-01;Port-channel2.182;up;up;693;192.168.101.217;KC CILEGON
DC-WAN-RTR-01;Port-channel2.183;up;up;707;192.168.100.13;KCP WONOCOLO SURABAYA | 192.168.100.13
DC-WAN-RTR-01;Port-channel2.184;up;up;711;192.168.100.133;KCP PONDOK CABE | 192.168.100.134
DC-WAN-RTR-01;Port-channel2.185;up;up;878;192.168.100.153;KCP PETUKANGAN | 192.168.100.153
DC-WAN-RTR-01;Port-channel2.186;up;up;514;10.98.20.6;KC Madiun Katoharjo
DC-WAN-RTR-01;Port-channel2.187;up;up;882;30.54.42.1;KCP NGAWI | 30.54.42.1
DC-WAN-RTR-01;Port-channel2.188;up;up;893;30.50.84.1;KC KALIBATA | 30.50.84.1
DC-WAN-RTR-01;Port-channel2.189;up;up;894;30.50.71.1;KC GATOT SUBROTO JKT : 30.50.71.1
DC-WAN-RTR-01;Port-channel2.190;up;up;895;30.54.34.1;KCP LAWANG MALANG | 30.54.34.1
DC-WAN-RTR-01;Port-channel2.191;up;up;896;192.168.101.81;KCP JATIBARANG | 192.168.101.81
DC-WAN-RTR-01;Port-channel2.192;up;up;897;192.168.103.25;KCP KOTA PINANG
DC-WAN-RTR-01;Port-channel2.193;up;up;898;30.50.47.1;KCP CIKUPA
DC-WAN-RTR-01;Port-channel2.194;up;up;899;192.168.102.61;KK PONPES ATTANWIR BOJONEGORO
DC-WAN-RTR-01;Port-channel2.195;up;up;901;192.168.102.65;KCP PAMULANG
DC-WAN-RTR-01;Port-channel2.196;up;up;902;192.168.100.121;KCP ISKANDAR MUDA JKT
DC-WAN-RTR-01;Port-channel2.197;up;up;903;192.168.102.81;KCP TELUK BETUNG LAMPUNG
DC-WAN-RTR-01;Port-channel2.198;up;up;904;192.168.102.97;KCP SUNGAI LILIN | i 192.168.102.97
DC-WAN-RTR-01;Port-channel2.199;up;up;905;192.168.102.93;KCP KOTA BUMI
DC-WAN-RTR-01;Port-channel2.200;up;up;908;192.168.102.113;KCP SUDIRMAN PEKANBARU | 192.168.102.113
DC-WAN-RTR-01;Port-channel2.201;up;up;909;192.168.102.173;KCP SAMARINDA_SUDIRMAN
DC-WAN-RTR-01;Port-channel2.202;up;up;910;192.168.102.117;CFBC BEKASI
DC-WAN-RTR-01;Port-channel2.203;up;up;912;192.168.101.213;KCP TANJUNG ENIM
DC-WAN-RTR-01;Port-channel2.204;up;up;913;30.62.9.1;KC PADANG
DC-WAN-RTR-01;Port-channel2.205;up;up;915;192.168.102.121;KCP METRO BANDUNG
DC-WAN-RTR-01;Port-channel2.206;up;up;916;192.168.102.129;KC_DEPOK
DC-WAN-RTR-01;Port-channel2.207;up;up;917;192.168.102.221;KCP_KELAPA_DUA_DEPOK
DC-WAN-RTR-01;Port-channel2.208;administratively down;down;918;192.168.102.153;KCP BABAT LAMONGA
DC-WAN-RTR-01;Port-channel2.209;up;up;919;192.168.102.141;KCP ROGOJAMPI
DC-WAN-RTR-01;Port-channel2.210;up;up;920;10.52.25.97;CMFO PEMATANG SIANTAR
DC-WAN-RTR-01;Port-channel2.211;up;up;922;192.168.102.157;KCP MALABAR | 192.168.102.157
DC-WAN-RTR-01;Port-channel2.212;up;up;930;192.168.102.201;KC BANDUNG DAGO
DC-WAN-RTR-01;Port-channel2.213;up;up;990;192.168.102.101;KCP PEMALANG 192.168.102.189
DC-WAN-RTR-01;Port-channel2.214;up;up;991;30.50.53.1;LEARNING CENTER ALAZHAR
DC-WAN-RTR-01;Port-channel2.215;up;up;992;;CMFO DENPASAR | 10.5.123.129
DC-WAN-RTR-01;Port-channel2.216;up;up;993;192.168.104.189;KCP MEDAN MUCHTAR BASRI
DC-WAN-RTR-01;Port-channel2.217;up;up;994;192.168.102.169;KCP JAJAG 192.168.102.169
DC-WAN-RTR-01;Port-channel2.218;up;up;320;192.168.101.253;KCP RUNGKUT|192.168.101.253
DC-WAN-RTR-01;Port-channel2.219;up;up;236;192.168.101.25;KC HASANUDIN | 192.168.101.25
DC-WAN-RTR-01;Port-channel2.220;up;up;122;192.168.100.45;KC PEKANBARU | i 192.168.100.45
DC-WAN-RTR-01;Port-channel2.221;up;up;511;192.168.104.225;AREA-DENPASAR
DC-WAN-RTR-01;Port-channel2.222;up;up;321;192.168.101.137;KC_MARTAPURA | 192.168.101.138
DC-WAN-RTR-01;Port-channel2.223;up;up;189;30.50.57.1;KCP_KALIDERES | 30.50.57.1
DC-WAN-RTR-01;Port-channel2.224;up;up;371;192.168.104.229;BFO ACEH | 192.168.104.229
DC-WAN-RTR-01;Port-channel2.225;up;up;238;10.67.15.2;KCP Labuan new
DC-WAN-RTR-01;Port-channel2.226;up;up;302;192.168.105.13;KCP Kramat Raya
DC-WAN-RTR-01;Port-channel2.227;up;up;399;192.168.102.245;KCP SURADE
DC-WAN-RTR-01;Port-channel2.228;up;up;98;192.168.105.21;KCP GATOTO SUBROTO DENPASAR/RENON
DC-WAN-RTR-01;Port-channel2.229;up;up;169;192.168.104.113;KCP PALEMBANG VETERAN
DC-WAN-RTR-01;Port-channel2.230;up;up;267;192.168.105.25;REGIONAL OFFICE (RO) SEMARANG
DC-WAN-RTR-01;Port-channel2.231;up;up;111;192.168.105.29;KCP KALIABANG
DC-WAN-RTR-01;Port-channel2.232;up;up;123;;
DC-WAN-RTR-01;Port-channel2.233;up;up;306;192.168.103.81;KCP BATAM CENTER
DC-WAN-RTR-01;Port-channel2.234;up;up;226;192.168.104.249;AFO Palu | 192.168.104.250
DC-WAN-RTR-01;Port-channel2.235;up;up;689;192.168.105.57;MIKRO BANKING-MENARA JAMSOSTEK
DC-WAN-RTR-01;Port-channel2.236;up;up;232;10.176.91.6;KC PETARANI MKS
DC-WAN-RTR-01;Port-channel2.237;up;up;765;10.16.254.2;RISK ACEH EX GEDUNG KCP ULE KARENG
DC-WAN-RTR-01;Port-channel2.238;up;up;84;10.17.0.10;KC LHOKSEUMAWE SYECH SYAMSUDDIN
DC-WAN-RTR-01;Port-channel2.239;up;up;128;10.16.50.10;KC SIGLI
DC-WAN-RTR-01;Port-channel2.240;up;up;187;10.99.0.10;KC MALANG SUPRAPTO
DC-WAN-RTR-01;Port-channel2.241;up;up;132;10.49.0.10;KC MEDAN ADAM MALIK
DC-WAN-RTR-01;Port-channel2.242;up;up;130;10.17.46.10;KC BIREUEN CHIK JOHAN
DC-WAN-RTR-01;Port-channel2.243;up;up;497;10.100.30.10;KC SURABAYA MERR 1
DC-WAN-RTR-01;Port-channel2.244;up;up;696;10.128.17.10;KC PURWOKERTO SUDIRMAN 2
DC-WAN-RTR-01;Port-channel2.245;up;up;586;192.168.101.61;KC BLITAR-NEW
DC-WAN-RTR-01;Port-channel2.246;up;up;211;10.99.5.10;KC MALANG DINOYO
DC-WAN-RTR-01;Port-channel2.247;up;up;375;10.80.117.10;KC KARAWANG
DC-WAN-RTR-01;Port-channel2.248;up;up;79;10.36.5.10;KC PALEMBANG SMB II
DC-WAN-RTR-01;Port-channel2.249;up;up;701;10.176.103.10;KC PAREPARE
DC-WAN-RTR-01;Port-channel2.250;up;up;699;10.176.98.10;KC PALOPO
DC-WAN-RTR-01;Port-channel2.251;up;up;697;10.178.1.10;KC MT HARYONO
DC-WAN-RTR-01;Port-channel2.252;up;up;655;10.178.2.10;KC KENDARI MANDONGA
DC-WAN-RTR-01;Port-channel2.253;up;up;889;192.168.105.69;GRAHA SAHARJO
DC-WAN-RTR-01;Port-channel2.254;up;up;877;10.17.45.10;KC LANGSA A YANI
DC-WAN-RTR-01;Port-channel2.255;up;up;222;10.82.0.10;KC JAKARTA BENHIL
DC-WAN-RTR-01;Port-channel2.256;up;up;279;10.129.4.10;KC KC KUDUS A YANI
DC-WAN-RTR-01;Port-channel2.257;up;up;822;10.36.27.2;KCP PALEMBANG KENTEN 2
DC-WAN-RTR-01;Port-channel2.258;up;up;166;10.161.0.10;KC BANJARMASIN A YANI
DC-WAN-RTR-01;Port-channel2.259;up;up;225;10.16.49.10;KC MEULABOH IMAM BONJOL1
DC-WAN-RTR-01;Port-channel2.260;up;up;844;10.178.0.10;KC PALU M YAMIN
DC-WAN-RTR-01;Port-channel2.261;up;up;995;10.67.1.10;KC CILEGON A YANI
DC-WAN-RTR-01;Port-channel2.262;up;up;779;10.65.0.10;KC JAKARTA KELAPA GADING 2
DC-WAN-RTR-01;Port-channel2.263;up;up;518;10.131.0.10;KC SOLO SLAMET RIYADI 2
DC-WAN-RTR-01;Port-channel2.264;up;up;933;10.49.100.2;RFO MEDAN
DC-WAN-RTR-01;Port-channel2.265;up;up;230;10.144.1.10;KC_BOGOR_PADJAJARAN
DC-WAN-RTR-01;Port-channel2.266;up;up;382;10.48.170.10;KC BATAM RADEN PATAH
DC-WAN-RTR-01;Port-channel2.267;up;up;118;192.168.105.77;BFO CILEGON
DC-WAN-RTR-01;Port-channel2.268;up;up;380;10.114.56.2;KC CIREBON BARU
DC-WAN-RTR-01;Port-channel2.269;up;up;135;10.49.101.2;AREA MEDAN KOTA
DC-WAN-RTR-01;Port-channel2.270;up;up;164;192.168.104.245;AFO JEMBER
DC-WAN-RTR-01;Port-channel2.271;up;up;333;192.168.100.65;RO-JKT-HASANUDIN
DC-WAN-RTR-01;Port-channel2.272;up;up;224;192.168.102.197;LINK RO_BANDUNG
DC-WAN-RTR-01;Port-channel2.273;up;up;245;192.168.101.9;RO_MAKASSAR | 192.168.101.9
DC-WAN-RTR-01;Port-channel2.274;up;up;823;10.36.26.2;KCP PALEMBANG SUDIRMAN
DC-WAN-RTR-01;Port-channel2.275;up;up;925;192.168.102.209;LINK RO PALEMBANG
DC-WAN-RTR-01;Port-channel2.276;up;up;235;192.168.102.225;RO BANJARMASIN
DC-WAN-RTR-01;Port-channel2.277;up;up;427;10.100.254.6;REGION SURABAYA
DC-WAN-RTR-01;Port-channel2.278;up;up;768;192.168.105.41;KCP-BandaAceh-Keutapang
DC-WAN-RTR-01;Port-channel2.279;up;up;435;192.168.105.45;KCP-BandaAceh-Peunayong
DC-WAN-RTR-01;Port-channel2.280;up;up;445;192.168.103.33;KCP-Jantho
DC-WAN-RTR-01;Port-channel2.281;up;up;773;10.96.94.10;KCP-GERUNG
DC-WAN-RTR-01;Port-channel2.282;up;up;771;10.96.90.10;KCP-SELONG
DC-WAN-RTR-01;Port-channel2.283;up;up;772;10.96.95.10;KCP-BERTAIS
DC-WAN-RTR-01;Port-channel2.284;up;up;770;10.16.114.2;RECOVERY ACEH
DC-WAN-RTR-01;Port-channel2.285;up;up;787;10.101.56.10;KCP-MOJOKERTO-MOJOPAHIT-1
DC-WAN-RTR-01;Port-channel2.286;up;up;769;192.168.104.241;BFO MATARAM
DC-WAN-RTR-01;Port-channel2.287;up;up;534;10.176.93.10;KCP PANGKEP
DC-WAN-RTR-01;Port-channel2.289;up;up;934;10.101.61.10;KCP MOJOKERTO SURODINAWAN
DC-WAN-RTR-01;Port-channel2.290;up;up;939;10.100.8.10;KCP SURABAYA AMPEL 2
DC-WAN-RTR-01;Port-channel2.291;up;up;288;194.168.104.49;KCP JOMBANG
DC-WAN-RTR-01;Port-channel2.292;up;up;948;192.168.103.149;KCP BOGOR DRAMAGA 1
DC-WAN-RTR-01;Port-channel2.293;up;up;988;192.168.103.153;KCP BOGOR MERDEKA
DC-WAN-RTR-01;Port-channel2.294;up;up;944;192.168.103.157;KCP DEPOK CIMANGGIS 1
DC-WAN-RTR-01;Port-channel2.295;up;up;605;192.168.104.61;KCP MALANG PASAR BESAR
DC-WAN-RTR-01;Port-channel2.296;up;up;952;192.168.103.141;KCP BOGOR TAJUR 1
DC-WAN-RTR-01;Port-channel2.297;up;up;743;192.168.104.165;KCP YOGYA KATAMSO
DC-WAN-RTR-01;Port-channel2.298;up;up;500;192.168.104.181;KCP PEKALONGAN KANJEN
DC-WAN-RTR-01;Port-channel2.299;up;up;831;192.168.102.249;KCP MAGELANG SQUARE
DC-WAN-RTR-01;Port-channel2.300;up;up;602;192.168.105.53;KCP SOLO NUSUKAN
DC-WAN-RTR-01;Port-channel2.301;up;up;881;10.132.45.14;DIGILAB YOGYA
DC-WAN-RTR-01;Port-channel2.302;up;up;373;192.168.53.177;KCP CILACAP MAJENANG
DC-WAN-RTR-01;Port-channel2.303;up;up;929;192.168.104.137;KCP MEDAN MARELAN RAYA
DC-WAN-RTR-01;Port-channel2.304;up;up;398;192.168.103.253;KCP KALIURANG
DC-WAN-RTR-01;Port-channel2.305;up;up;761;192.168.104.177;KCP MATARAM PANCOR
DC-WAN-RTR-01;Port-channel2.306;up;up;775;10.96.93.10;KCP MASBAGIK
DC-WAN-RTR-01;Port-channel2.307;up;up;716;10.131.1.10;KCP SRAGEN ATRIUM
DC-WAN-RTR-01;Port-channel2.308;up;up;195;192.168.103.225;KCP BANDUNG RANCAEKEK
DC-WAN-RTR-01;Port-channel2.309;up;up;980;192.168.104.21;KCP SUMENEP
DC-WAN-RTR-01;Port-channel2.310;up;up;577;30.54.26.1;KCP SBY DHARMAHUSADA
DC-WAN-RTR-01;Port-channel2.311;up;up;706;192.168.104.153;KCP CIPANAS
DC-WAN-RTR-01;Port-channel2.312;up;up;804;10.112.39.10;KCP KOPO SAYATI
DC-WAN-RTR-01;Port-channel2.313;up;up;803;10.112.35.10;KCP CINUNUK
DC-WAN-RTR-01;Port-channel2.314;up;up;906;10.113.1.10;KCP CIANJUR ABD BIN NUH
DC-WAN-RTR-01;Port-channel2.315;up;up;434;192.168.104.117;KCP MAKASSAR TAMALAREA 1
DC-WAN-RTR-01;Port-channel2.316;up;up;477;192.168.104.217;KCP GOWA
DC-WAN-RTR-01;Port-channel2.317;up;up;303;10.176.97.10;KCP TAKALAR
DC-WAN-RTR-01;Port-channel2.318;up;up;793;192.168.104.81;KCP LUBUK SIKAPING
DC-WAN-RTR-01;Port-channel2.319;up;up;745;192.168.103.101;KCP PADANG PARIAMAN
DC-WAN-RTR-01;Port-channel2.320;up;up;749;192.168.103.53;KCP LUBUK BASUNG
DC-WAN-RTR-01;Port-channel2.321;up;up;200;192.168.103.21;KCP PADANG PANJANG
DC-WAN-RTR-01;Port-channel2.322;up;up;996;192.168.103.9;KCP STABAT
DC-WAN-RTR-01;Port-channel2.323;up;up;323;10.96.132.2;KFO MANDIRI BIMA SILA
DC-WAN-RTR-01;Port-channel2.324;up;up;791;192.168.104.97;KCP Flamboyan
DC-WAN-RTR-01;Port-channel2.325;up;up;792;192.168.104.65;KCP BAGAN SIAPIAPI
DC-WAN-RTR-01;Port-channel2.326;up;up;741;192.168.103.69;KCP DUMAI SUKAJADI
DC-WAN-RTR-01;Port-channel2.327;up;up;766;192.168.103.105;KCP PAINAN
DC-WAN-RTR-01;Port-channel2.328;up;up;946;10.101.59.10;KCP LAMONGAN PASAR BABAT
DC-WAN-RTR-01;Port-channel2.329;up;up;119;192.168.103.165;KCP BEKASI TIMUR
DC-WAN-RTR-01;Port-channel2.330;up;up;943;192.168.103.173;KCP SERANG CIKANDE 1
DC-WAN-RTR-01;Port-channel2.331;up;up;945;192.168.103.177;KCP BEKASI KALIMALANG
DC-WAN-RTR-01;Port-channel2.332;up;up;440;192.168.104.5;KCP UJUNG BERUNG
DC-WAN-RTR-01;Port-channel2.333;up;up;802;10.112.38.10;KCP SUMEDANG TANJUNG SARI 1
DC-WAN-RTR-01;Port-channel2.334;up;up;322;10.161.24.6;KCP BANJARMASIN SULTAN ADAM
DC-WAN-RTR-01;Port-channel2.335;up;up;892;30.63.22.1;KCP Medan Iskandar Muda
DC-WAN-RTR-01;Port-channel2.336;up;up;301;10.97.5.10;KCP KENCONG
DC-WAN-RTR-01;Port-channel2.337;up;up;307;10.97.7.10;KCP LUMAJANG SUDIRMAN
DC-WAN-RTR-01;Port-channel2.338;up;up;223;30.53.28.1;KCP GOMBONG
DC-WAN-RTR-01;Port-channel2.339;up;up;891;192.168.103.1;KCP TEBING TINGGI
DC-WAN-RTR-01;Port-channel2.340;up;up;997;192.168.104.145;KCP MEDAN KRAKATAU
DC-WAN-RTR-01;Port-channel2.341;up;up;543;192.168.104.169;KCP PANDAAN
DC-WAN-RTR-01;Port-channel2.342;up;up;671;192.168.104.17;KCP PASURUAN
DC-WAN-RTR-01;Port-channel2.343;up;up;304;192.168.105.37;DANAREKSA LT.9
DC-WAN-RTR-01;Port-channel2.344;up;up;780;10.99.9.10;KCP MALANG PAKIS JAJAR
DC-WAN-RTR-01;Port-channel2.345;up;up;654;192.168.104.101;KCP KAMPUS ITS
DC-WAN-RTR-01;Port-channel2.346;up;up;609;192.168.104.185;KCP MAGETAN
DC-WAN-RTR-01;Port-channel2.347;up;up;936;192.168.104.37;KCP BOJONEGORO SUMBEREJO
DC-WAN-RTR-01;Port-channel2.348;up;up;604;30.54.37.1;KCP LUMAJANG
DC-WAN-RTR-01;Port-channel2.349;up;up;407;10.97.1.10;KCP BANYUWANGI KERTOSARI
DC-WAN-RTR-01;Port-channel2.350;up;up;134;192.168.103.121;KCP MUARA BULIAN
DC-WAN-RTR-01;Port-channel2.351;up;up;183;192.168.104.93;KCP PALU TADULAKO
DC-WAN-RTR-01;Port-channel2.352;up;up;257;192.168.103.109;KCP CURUP
DC-WAN-RTR-01;Port-channel2.353;up;up;231;192.168.103.113;KCP JAMBI SIPIN
DC-WAN-RTR-01;Port-channel2.354;up;up;121;192.168.103.117;KCP SUNGAI LIAT
DC-WAN-RTR-01;Port-channel2.355;up;up;194;192.168.103.5;KCP PEKANBARU PANAM
DC-WAN-RTR-01;Port-channel2.356;up;up;204;192.168.103.17;KCP BAGAN BATU
DC-WAN-RTR-01;Port-channel2.357;up;up;742;192.168.103.37;KCP TANJUNG UBAN
DC-WAN-RTR-01;Port-channel2.358;up;up;782;192.168.103.61;KCP RENGAT
DC-WAN-RTR-01;Port-channel2.359;up;up;209;192.168.104.141;KCP SIMPANG LIMUN
DC-WAN-RTR-01;Port-channel2.360;up;up;208;192.168.103.57;KCP INDRAPURA
DC-WAN-RTR-01;Port-channel2.361;up;up;308;192.168.104.33;KCP PONOROGO
DC-WAN-RTR-01;Port-channel2.362;up;up;405;10.17.113.2;AREA FINANCING LHOKSEUMAWE
DC-WAN-RTR-01;Port-channel2.363;up;up;201;10.98.3.10;KCP KEDIRI GUDANG GARAM
DC-WAN-RTR-01;Port-channel2.364;up;up;286;10.100.5.10;KCP SIDOARJO PONDOK CANDRA
DC-WAN-RTR-01;Port-channel2.365;up;up;;;KCP PASURUAN SUDIRMAN
DC-WAN-RTR-01;Port-channel2.366;up;up;188;10.99.1.10;KCP PASURUAN SUDIRMAN 2
DC-WAN-RTR-01;Port-channel2.367;up;up;126;30.53.34.1;KCP TEMANGGUNG
DC-WAN-RTR-01;Port-channel2.368;up;up;621;30.52.45.1;KCP Ciawi
DC-WAN-RTR-01;Port-channel2.369;up;up;601;192.168.103.237;KCP Garut Kadungora
DC-WAN-RTR-01;Port-channel2.370;up;up;550;192.168.103.233;KCP BANDUNG ANTAPANI
DC-WAN-RTR-01;Port-channel2.371;up;up;401;10.17.18.6;KCP KUALA SIMPANG CUT NYAK DIEN
DC-WAN-RTR-01;Port-channel2.372;up;up;431;10.18.52.2;AFO MEULABOH
DC-WAN-RTR-01;Port-channel2.373;up;up;106;10.145.0.10;KCP JAKARTA CIBUBUR 1
DC-WAN-RTR-01;Port-channel2.374;up;up;622;192.168.104.161;KCP BANDUNG BUAH BATU
DC-WAN-RTR-01;Port-channel2.375;up;up;998;10.113.3.10;KCP CIMAREME
DC-WAN-RTR-01;Port-channel2.376;up;up;104;10.147.8.10;KCP JAKARTA CILANDAK 1
DC-WAN-RTR-01;Port-channel2.377;up;up;449;10.81.1.10;KCP JAKARTA KALIMALANG
DC-WAN-RTR-01;Port-channel2.378;up;up;607;10.148.0.10;KCP JAKARTA DEWI SARTIKA 2
DC-WAN-RTR-01;Port-channel2.379;up;up;107;10.35.5.10;KCP PAYAKUMBUH SUDIRMAN
DC-WAN-RTR-01;Port-channel2.380;up;up;942;10.65.5.10;KCP JAKARTA PLUMPANG
DC-WAN-RTR-01;Port-channel2.381;up;up;193;10.82.2.10;KCP JAKARTA MAHKAMAH AGUNG
DC-WAN-RTR-01;Port-channel2.382;up;up;566;10.81.3.10;KCP JAKARTA LUBANG BUAYA
DC-WAN-RTR-01;Port-channel2.383;up;up;442;10.81.2.10;KCP JAKARTA BUARAN
DC-WAN-RTR-01;Port-channel2.384;up;up;509;192.168.103.193;KCP JAKARTA TOMANG
DC-WAN-RTR-01;Port-channel2.385;up;up;207;10.145.3.10;KCP DEPOK SAWANGAN PASAR BARU
DC-WAN-RTR-01;Port-channel2.386;up;up;205;10.114.51.10;KCP CIREBON PLERED 2
DC-WAN-RTR-01;Port-channel2.387;up;up;989;192.168.105.113;AFO CIREBON
DC-WAN-RTR-01;Port-channel2.388;up;up;124;192.168.104.125;KCP POLEWALI
DC-WAN-RTR-01;Port-channel2.389;up;up;759;30.50.64.1;KCP_PANGLIMA_POLIM
DC-WAN-RTR-01;Port-channel2.390;up;up;958;192.168.103.145;KCP_LEBAK_BANTEN
DC-WAN-RTR-01;Port-channel2.391;up;up;732;192.168.103.161;KCP_DEPOK_SAWANGAN
DC-WAN-RTR-01;Port-channel2.392;up;up;951;192.168.103.133;KCP_DEPOK_MARGONDA
DC-WAN-RTR-01;Port-channel2.393;up;up;953;192.168.103.137;KCP DEPOK CINERE
DC-WAN-RTR-01;Port-channel2.394;up;up;457;10.67.4.10;KCP_TANGERANG_CIKUPA2
DC-WAN-RTR-01;Port-channel2.395;up;up;443;10.80.111.10;KCP_BEKASI_WIBAWAMUKTI
DC-WAN-RTR-01;Port-channel2.396;up;up;938;10.144.3.10;KCP_BOGOR_CIBINONGPRATAMA
DC-WAN-RTR-01;Port-channel2.397;up;up;554;10.144.5.10;KCP_BOGOR_CISARUA
DC-WAN-RTR-01;Port-channel2.398;up;up;485;10.67.5.10;KCP_TANGERANG_BALARAJA3
DC-WAN-RTR-01;Port-channel2.399;up;up;483;10.144.2.10;KCP_BOGOR_TAJUR2
DC-WAN-RTR-01;Port-channel2.400;up;up;710;10.128.18.10;KCP_CILACAP_SPARMAN
DC-WAN-RTR-01;Port-channel2.401;up;up;489;192.168.104.109;KCP_PARIGI_MOUTONG
DC-WAN-RTR-01;Port-channel2.402;up;up;272;10.145.4.10;KCP_DEPOK_CITAYAM
DC-WAN-RTR-01;Port-channel2.403;up;up;289;192.168.103.169;KCP_TANGERANG_BALARAJA
DC-WAN-RTR-01;Port-channel2.404;up;up;218;10.66.4.10;KCP_TANGERANG_KARAWACIMUTIARA
DC-WAN-RTR-01;Port-channel2.405;up;up;396;10.99.6.10;KCP PANDAAN KARTINI
DC-WAN-RTR-01;Port-channel2.406;up;up;508;10.99.8.10;KCP MALANG KOTA
DC-WAN-RTR-01;Port-channel2.407;up;up;541;192.168.103.189;KCP JAKARTA CIPINANG JAYA
DC-WAN-RTR-01;Port-channel2.408;up;up;776;193.168.103.213;KCP BOGOR JALAN BARU
DC-WAN-RTR-01;Port-channel2.409;up;up;234;30.53.36.1;KCP SOLO URIP SUMOHARDJO
DC-WAN-RTR-01;Port-channel2.410;up;up;221;10.144.32.2;KCP CIANJUR CIPANAS
DC-WAN-RTR-01;Port-channel2.411;up;up;219;10.112.64.6;KCP Sumedang Tanjungsari
DC-WAN-RTR-01;Port-channel2.412;up;up;112;10.99.2.10;KCP BATU AGUS SALIM
DC-WAN-RTR-01;Port-channel2.413;up;up;620;10.80.113.10;KCP CIKARANG CBD
DC-WAN-RTR-01;Port-channel2.414;up;up;987;10.144.34.2;KCP SUKABUMI CIBADAK 2
DC-WAN-RTR-01;Port-channel2.415;up;up;767;10.99.28.2;KC PASURUAN SUDIRMAN
DC-WAN-RTR-01;Port-channel2.416;up;up;507;10.81.24.2;KCP JAKARTA KALIMALANG
DC-WAN-RTR-01;Port-channel2.417;up;up;239;10.176.130.2;KCP MAKASSAR PANNAMPU
DC-WAN-RTR-01;Port-channel2.418;up;up;606;192.168.105.5;BFO BANYUWANGI
DC-WAN-RTR-01;Port-channel2.419;up;up;393;192.168.105.1;AFO BANDAR LAMPUNG
DC-WAN-RTR-01;Port-channel2.420;up;up;740;10.100.2.10;KCP SIDOARJO GAJAH MADA
DC-WAN-RTR-01;Port-channel2.421;up;up;818;10.176.123.2;KCP SINJAI
DC-WAN-RTR-01;Port-channel2.422;up;up;385;10.176.128.2;KCP PINRANG AHMAD YANI
DC-WAN-RTR-01;Port-channel2.423;up;up;277;10.101.83.6;KCP Bojonegoro Suropati
DC-WAN-RTR-01;Port-channel2.424;up;up;278;10.98.22.6;KCP MAGETAN MT. HARYONO
DC-WAN-RTR-01;Port-channel2.425;up;up;281;10.98.21.2;KCP PONOROGO SOETTA
DC-WAN-RTR-01;Port-channel2.426;up;up;280;10.98.18.6;KCP NGANJUK
DC-WAN-RTR-01;Port-channel2.427;up;up;462;10.114.74.6;KCP CIREBON ARJAWINANGUN
DC-WAN-RTR-01;Port-channel2.428;up;up;296;10.113.17.2;KCP CIANJUR SUKANAGARA
DC-WAN-RTR-01;Port-channel2.429;up;up;821;10.112.65.2;KCP KIARACONDONG
DC-WAN-RTR-01;Port-channel2.430;up;up;293;10.112.57.2;KCP BANDUNG MAJALAYA
DC-WAN-RTR-01;Port-channel2.431;up;up;294;10.112.59.2;KCP SOREANG WAHID HASYIM
DC-WAN-RTR-01;Port-channel2.432;up;up;627;10.114.78.6;KCP MAJALENGKA ABD HALIM
DC-WAN-RTR-01;Port-channel2.433;up;up;460;10.113.16.6;KCP CIANJUR CIRANJANG
DC-WAN-RTR-01;Port-channel2.434;up;up;493;10.34.15.6;KCP Jambi Rimbo Bujang 2
DC-WAN-RTR-01;Port-channel2.435;up;up;484;10.176.124.6;KCP GOWA SUNGGUMINASA
DC-WAN-RTR-01;Port-channel2.436;up;up;593;10.101.90.2;KCP JOMBANG MOJOAGUNG
DC-WAN-RTR-01;Port-channel2.437;up;up;595;10.101.86.2;KCP MOJOKERTO MAJAPAHIT
DC-WAN-RTR-01;Port-channel2.438;up;up;390;10.32.42.2;KCP LAMPUNG SRIBHAWONO
DC-WAN-RTR-01;Port-channel2.439;up;up;424;10.50.14.2;KCP BINJAI SUDIRMAN
DC-WAN-RTR-01;Port-channel2.440;up;up;808;10.32.39.6;KCP LAMPUNG NATAR
DC-WAN-RTR-01;Port-channel2.441;up;up;386;10.32.37.2;KCP LAMPUNG METRO
DC-WAN-RTR-01;Port-channel2.442;up;up;391;10.32.43.2;KCP TULANG BAWANG BARAT
DC-WAN-RTR-01;Port-channel2.443;up;up;387;10.32.41.2;KCP PESAWARAN
DC-WAN-RTR-01;Port-channel2.444;up;up;496;10.34.23.6;KCP BANGKO 2
DC-WAN-RTR-01;Port-channel2.445;up;up;608;192.168.104.237;BFO MADIUN
DC-WAN-RTR-01;Port-channel2.446;up;up;451;10.112.55.6;KCP BANDUNG CIJERAH
DC-WAN-RTR-01;Port-channel2.447;up;up;452;10.112.58.6;KCP BANDUNG LEMBANG
DC-WAN-RTR-01;Port-channel2.448;up;up;453;10.112.61.6;KCP BANDUNG BUAH BATU
DC-WAN-RTR-01;Port-channel2.449;up;up;454;10.113.14.6;KCP BANDUNG PADALARANG
DC-WAN-RTR-01;Port-channel2.450;up;up;482;10.132.27.6;KCP Yogyakarta
DC-WAN-RTR-01;Port-channel2.451;up;up;309;10.128.13.2;KCP PURBALINGGA M.T. HARYONO
DC-WAN-RTR-01;Port-channel2.452;up;up;206;10.96.119.2;KCP BERTAIS MANDALIKA
DC-WAN-RTR-01;Port-channel2.453;up;up;426;10.96.113.6;KCP LOMBOK AIKMEL
DC-WAN-RTR-01;Port-channel2.454;up;up;596;10.97.20.2;KCP LUMAJANG
DC-WAN-RTR-01;Port-channel2.455;up;up;273;10.99.30.2;KCP PROBOLINGGO
DC-WAN-RTR-01;Port-channel2.456;up;up;465;10.114.79.6;KCP MAJALENGKA KADIPATEN
DC-WAN-RTR-01;Port-channel2.457;up;up;463;10.114.76.6;KCP INDRAMAYU SUPRAPTO
DC-WAN-RTR-01;Port-channel2.458;up;up;516;10.144.35.6;KCP SUKABUMI PELABUHAN RATU
DC-WAN-RTR-01;Port-channel2.459;up;up;458;10.114.71.6;KCP BANJAR PATROMAN
DC-WAN-RTR-01;Port-channel2.460;up;up;456;10.112.63.6;KCP BANDUNG UJUNG BERUNG
DC-WAN-RTR-01;Port-channel2.461;up;up;297;10.113.18.2;KCP CIANJUR WARUNG KONDANG
DC-WAN-RTR-01;Port-channel2.462;up;up;242;10.96.133.2;KFO MANDIRI LABUAN LOMBOK
DC-WAN-RTR-01;Port-channel2.463;up;up;589;10.97.17.6;KCP BANYUWANGI GENTENG
DC-WAN-RTR-01;Port-channel2.464;up;up;940;10.101.58.10;KCP JOMBANG A WAHID
DC-WAN-RTR-01;Port-channel2.465;up;up;276;10.101.91.6;KCP JOMBANG PLOSO
DC-WAN-RTR-01;Port-channel2.466;up;up;274;10.101.87.6;KCP MOJOKERTO MOJOSARI
DC-WAN-RTR-01;Port-channel2.467;up;up;264;10.101.84.6;KCP LAMONGAN WAHIDIN
DC-WAN-RTR-01;Port-channel2.468;up;up;269;10.100.31.6;KCP SURABAYA MULYOSARI
DC-WAN-RTR-01;Port-channel2.469;up;up;271;10.101.82.6;KCP GRESIK MENGANTI
DC-WAN-RTR-01;Port-channel2.470;up;up;244;10.101.79.2;KCP PAMEKASAN JOKOTOLE
DC-WAN-RTR-01;Port-channel2.471;up;up;249;10.101.78.2;KCP BANGKALAN TRUNOJOYO
DC-WAN-RTR-01;Port-channel2.472;up;up;397;10.48.186.2;KFO GADAI BATAM AVIARI
DC-WAN-RTR-01;Port-channel2.473;up;up;521;10.129.29.2;KCP REMBANG SUDIRMAN
DC-WAN-RTR-01;Port-channel2.474;up;up;299;10.128.11.2;KCP BANYUMAS AJIBARANG
DC-WAN-RTR-01;Port-channel2.475;up;up;305;10.128.12.2;KCP CILACAP GATOT SUBROTO
DC-WAN-RTR-01;Port-channel2.476;up;up;475;10.129.26.6;KCP Semarang Majapahit
DC-WAN-RTR-01;Port-channel2.477;up;up;313;10.130.72.2;KCP BREBES KETANGGUNAN
DC-WAN-RTR-01;Port-channel2.478;up;up;522;10.131.18.2;KCP KARANGANYAR PALUR
DC-WAN-RTR-01;Port-channel2.479;up;up;479;10.131.20.6;KCP Sragen Atrium
DC-WAN-RTR-01;Port-channel2.480;up;up;523;10.129.21.6;KC SEMARANG
DC-WAN-RTR-01;Port-channel2.481;up;up;520;10.96.114.2;KCP LOMBOK PRAYA
DC-WAN-RTR-01;Port-channel2.482;up;up;203;10.96.115.2;KCP LOMBOK SELONG
DC-WAN-RTR-01;Port-channel2.483;up;up;311;10.129.22.2;KCP DEMAK SULTAN FATTAH
DC-WAN-RTR-01;Port-channel2.484;up;up;504;10.130.74.6;KCP Tegal Banjaran
DC-WAN-RTR-01;Port-channel2.485;up;up;481;10.132.26.6;KCP Sleman Prambanan
DC-WAN-RTR-01;Port-channel2.486;up;up;254;10.99.29.6;KCP Malang Pandaan
DC-WAN-RTR-01;Port-channel2.487;up;up;256;10.99.23.6;KCP Malang Bululawang
DC-WAN-RTR-01;Port-channel2.488;up;up;258;10.98.17.6;KCP Malang Bululawang
DC-WAN-RTR-01;Port-channel2.489;up;up;259;10.98.16.6;KCP Kediri Ngronggo
DC-WAN-RTR-01;Port-channel2.490;up;up;261;10.98.15.6;KCP BLITAR TANJUNG
DC-WAN-RTR-01;Port-channel2.491;up;up;470;10.129.23.6;KCP Kudus Ahmad Yani
DC-WAN-RTR-01;Port-channel2.492;up;up;471;10.129.24.6;KCP Pati Sudirman
DC-WAN-RTR-01;Port-channel2.493;up;up;476;10.131.19.6;KCP KLATEN PEMUDA
DC-WAN-RTR-01;Port-channel2.494;up;up;317;10.160.205.2;KCP PASER TANAH GROGOT
DC-WAN-RTR-01;Port-channel2.495;up;up;312;10.130.73.2;KCP BREBES JATIBARANG
DC-WAN-RTR-01;Port-channel2.496;up;up;212;10.66.13.2;KCP TANGERANG PARAKAN
DC-WAN-RTR-01;Port-channel2.497;up;up;290;10.145.18.2;KCP JAKARTA CIBUBUR
DC-WAN-RTR-01;Port-channel2.498;up;up;291;10.148.13.2;KCP JAKARTA PASAR MINGGU
DC-WAN-RTR-01;Port-channel2.499;up;up;591;10.80.135.2;KCP Bekasi Galaxy
DC-WAN-RTR-01;Port-channel2.500;up;up;438;10.148.14.6;KCP JAKARTA DEWI SARTIKA
DC-WAN-RTR-01;Port-channel2.501;up;up;215;10.67.26.2;KCP TANGERANG TANAH TINGGI
DC-WAN-RTR-01;Port-channel2.502;up;up;285;10.145.16.2;KCP BOGOR PARUNG
DC-WAN-RTR-01;Port-channel2.503;up;up;439;10.81.21.6;KCP JAKARTA JATINEGARA
DC-WAN-RTR-01;Port-channel2.504;up;up;213;10.67.25.2;KCP JATIUWUNG
DC-WAN-RTR-01;Port-channel2.505;up;up;450;10.67.28.6;KCP CIKANDE MODERNLAND
DC-WAN-RTR-01;Port-channel2.506;up;up;284;10.144.30.2;KCP BOGOR CIBINONG
DC-WAN-RTR-01;Port-channel2.507;administratively down;down;610;10.146.64.6;KCP Jakarta Warung Buncit
DC-WAN-RTR-01;Port-channel2.508;up;up;446;10.148.15.6;KCP TEBET
DC-WAN-RTR-01;Port-channel2.509;up;up;502;10.52.19.6;KCP RANTAU PRAPAT
DC-WAN-RTR-01;Port-channel2.510;up;up;619;10.144.27.2;KCP PADJAJARAN
DC-WAN-RTR-01;Port-channel2.511;up;up;429;10.66.14.2;KCP JAKARTA SERPONG ALAM SUTRA
DC-WAN-RTR-01;Port-channel2.512;up;up;494;10.36.28.6;KCP PANGKAL PINANG
DC-WAN-RTR-01;Port-channel2.513;up;up;392;10.36.2.10;KC PRABUMULIH 1
DC-WAN-RTR-01;Port-channel2.514;up;up;810;10.16.26.2;KCP_BANDA_ACEH_DAUD_BEUREUH
DC-WAN-RTR-01;Port-channel2.515;up;up;811;10.130.62.6;KCP BREBES BUMIAYU
DC-WAN-RTR-01;Port-channel2.516;up;up;813;10.16.253.10;RO_ACEH
DC-WAN-RTR-01;Port-channel2.517;up;up;814;10.130.71.6;KC_TEGAL_KS.TUBUN
DC-WAN-RTR-01;Port-channel2.518;up;up;372;10.114.81.2;KK UNSIL TASIKMALAYA
DC-WAN-RTR-01;Port-channel2.519;up;up;820;10.130.75.6;KC BATANG
DC-WAN-RTR-01;Port-channel2.520;up;up;702;10.160.211.2;KCP SAMARINDA SEBERANG
DC-WAN-RTR-01;Port-channel2.521;up;up;384;192.168.105.129;DIGILAB PEJOMPONGAN
DC-WAN-RTR-01;Port-channel2.522;up;up;510;10.128.15.6;KCP PEMALANG SUDIRMAN
DC-WAN-RTR-01;Port-channel2.523;up;up;383;10.162.18.2;KCP SINGKAWANG MERDEKA
DC-WAN-RTR-01;Port-channel2.524;up;up;495;10.17.19.2;KCP TAKENGON SENEDA
DC-WAN-RTR-01;Port-channel2.525;up;up;553;10.161.23.10;KCP TAPIN
DC-WAN-RTR-01;Port-channel2.526;up;up;816;10.128.10.6;KC PURWOKERTO KARANGKOBAR
DC-WAN-RTR-01;Port-channel2.527;up;up;856;10.82.4.10;KCP JAKARTA MENARA BIDAKARA
DC-WAN-RTR-01;Port-channel2.528;up;up;824;10.36.25.2;KC PALEMBANG ARIVAI
DC-WAN-RTR-01;Port-channel2.529;up;up;152;192.168.105.17;KCP MAKASSAR UNISMUH
DC-WAN-RTR-01;Port-channel2.530;up;up;855;10.80.133.6;KC BEKASI SQUARE
DC-WAN-RTR-01;Port-channel2.531;up;up;682;10.176.106.10;KCP ENREKANG
DC-WAN-RTR-01;Port-channel2.532;up;up;834;10.35.23.2;KC PADANG MANGUNSARKORO
DC-WAN-RTR-01;Port-channel2.533;up;up;774;10.35.2.10;KCP GAJAH MADA
DC-WAN-RTR-01;Port-channel2.534;up;up;848;10.114.70.2;KC TASIKMALAYA AHMAD YANI
DC-WAN-RTR-01;Port-channel2.535;up;up;676;10.35.1.10;KCP PADANG By PASS
DC-WAN-RTR-01;Port-channel2.536;up;up;794;10.32.5.10;KCP RAJABASA
DC-WAN-RTR-01;Port-channel2.537;up;up;670;10.51.7.10;KCP RUMBAI
DC-WAN-RTR-01;Port-channel2.538;up;up;667;10.51.40.10;KCP PEKANBARU UIN SUSKA
DC-WAN-RTR-01;Port-channel2.539;up;up;785;10.100.6.2;KC Surabaya MERR
DC-WAN-RTR-01;Port-channel2.540;up;up;687;10.146.65.2;KCP JAKARTA ANTAM
DC-WAN-RTR-01;Port-channel2.541;up;up;714;10.36.4.10;KCP MUARA ENIM
DC-WAN-RTR-01;Port-channel2.542;up;up;736;10.18.39.6;KCP JOHAN PAHLAWAN
DC-WAN-RTR-01;Port-channel2.543;up;up;708;10.32.2.10;KCP BELITANG SUDIRMAN
DC-WAN-RTR-01;Port-channel2.544;up;up;890;10.17.63.6;KCP PANTE BIDARI
DC-WAN-RTR-01;Port-channel2.545;up;up;685;192.168.105.9;AFO SAMARINDA
DC-WAN-RTR-01;Port-channel2.546;up;up;690;192.168.104.105;KCP Univ Airlangga Surabaya
DC-WAN-RTR-01;Port-channel2.547;up;up;836;10.132.20.6;KC YOGYAKARTA SUGIONO
DC-WAN-RTR-01;Port-channel2.548;up;up;788;10.101.93.2;KK JOMBANG DARUL UMUM
DC-WAN-RTR-01;Port-channel2.549;up;up;838;10.101.89.6;KC JOMBANG WAHID HASYIM
DC-WAN-RTR-01;Port-channel2.550;up;up;726;10.128.14.6;KCP KEBUMEN HM SARBINI
DC-WAN-RTR-01;Port-channel2.551;up;up;924;10.17.70.6;KCP COT GIREK
DC-WAN-RTR-01;Port-channel2.552;administratively down;down;197;10.36.8.10;KCP PALEMBANG MERDEKA
DC-WAN-RTR-01;Port-channel2.553;administratively down;down;590;10.176.153.2;FF SATELIT MAKASSAR
DC-WAN-RTR-01;Port-channel2.554;up;up;555;10.148.101.2;COLLECTION SAHARJO DUNNINGCALL
DC-WAN-RTR-01;Port-channel2.555;up;up;849;10.96.117.6;KC DENPASAR MAHENDRADATTA
DC-WAN-RTR-01;Port-channel2.556;up;up;832;10.96.112.2;KC MATARAM PEJANGGIK
DC-WAN-RTR-01;Port-channel2.557;up;up;686;10.130.70.6;KCP Kendal Weleri
DC-WAN-RTR-01;Port-channel2.558;up;up;839;10.100.33.6;KC SIDOARJO AHMAD YANI
DC-WAN-RTR-01;Port-channel2.559;up;up;840;10.98.14.2;KC Kediri Hasanuddin
DC-WAN-RTR-01;Port-channel2.560;up;up;851;10.113.15.6;KC Cianjur Abdullah Bin
DC-WAN-RTR-01;Port-channel2.561;up;up;715;10.34.3.10;KCP SINGKUT
DC-WAN-RTR-01;Port-channel2.562;up;up;684;10.112.70.2;KK Bandung UPI
DC-WAN-RTR-01;Port-channel2.563;up;up;852;10.114.73.6;KC CIREBON SILIWANGI
DC-WAN-RTR-01;Port-channel2.565;up;up;789;10.162.16.2;KCP PONTIANAK SIANTAN
DC-WAN-RTR-01;Port-channel2.566;up;up;837;10.162.13.6;KC PONTIANAK
DC-WAN-RTR-01;Port-channel2.567;up;up;842;10.112.53.6;KC Bandung Citarum
DC-WAN-RTR-01;Port-channel2.568;up;up;806;10.161.39.2;KCP KANDANGAN
DC-WAN-RTR-01;Port-channel2.569;up;up;180;10.2.232.2;LANDMARK ACEH
DC-WAN-RTR-01;Port-channel2.570;up;up;723;10.17.26.6;KCP LHOKSEUMAWE PENDOPO
DC-WAN-RTR-01;Port-channel2.571;up;up;807;10.17.22.6;KCP LANGSA OPAK
DC-WAN-RTR-01;Port-channel2.572;up;up;799;10.17.41.6;KCP SEUMADAM
DC-WAN-RTR-01;Port-channel2.573;up;up;784;10.16.31.6;KC BANDA ACEH CUT MEUTIA
DC-WAN-RTR-01;Port-channel2.574;up;up;764;10.18.13.6;KC BLANGPIDIE
DC-WAN-RTR-01;Port-channel2.575;up;up;763;10.18.16.6;KC MEULABOH IMAM BONJOL
DC-WAN-RTR-01;Port-channel2.576;up;up;795;10.17.104.2;KK UNSAM
DC-WAN-RTR-01;Port-channel2.577;up;up;762;10.17.29.6;KC KUALA SIMPANG
DC-WAN-RTR-01;Port-channel2.578;up;up;760;10.17.37.6;KC TAKENGON
DC-WAN-RTR-01;Port-channel2.579;up;up;845;10.145.17.2;KC Depok Margonda Aarden
DC-WAN-RTR-01;Port-channel2.580;up;up;798;10.80.137.10;KK JAKARTA CEGER
DC-WAN-RTR-01;Port-channel2.581;up;up;695;10.64.224.2;KCP JAKARTA CILEDUG(CIPULIR)
DC-WAN-RTR-01;Port-channel2.582;up;up;847;10.146.63.2;KC Jakarta Fatmawati
DC-WAN-RTR-01;Port-channel2.583;up;up;758;10.17.33.6;KC LHOKSEUMAWE MERDEKA 3
DC-WAN-RTR-01;Port-channel2.584;up;up;757;10.17.28.6;KC BIREUEN SIMPANG IV
DC-WAN-RTR-01;Port-channel2.585;up;up;750;10.18.49.6;KCP TAPAKTUAN MEUKEK
DC-WAN-RTR-01;Port-channel2.586;up;up;747;10.18.45.6;KCP BAKONGAN
DC-WAN-RTR-01;Port-channel2.587;up;up;739;10.18.42.6;KCP PADANG SIKABU
DC-WAN-RTR-01;Port-channel2.588;up;up;738;10.18.41.6;KCP SAMATIGA
DC-WAN-RTR-01;Port-channel2.589;up;up;857;10.16.81.6;KCP MEURAH DUA
DC-WAN-RTR-01;Port-channel2.590;up;up;737;10.18.40.6;KCP TEUNOM
DC-WAN-RTR-01;Port-channel2.591;up;up;860;10.16.85.6;KCP SAKTI
DC-WAN-RTR-01;Port-channel2.592;up;up;861;10.16.89.6;KCP BEUREUNEUN MUTIARA
DC-WAN-RTR-01;Port-channel2.593;up;up;862;10.16.93.6;KCP SAREE
DC-WAN-RTR-01;Port-channel2.594;up;up;863;10.17.3.10;KCP TAKENGON SENGEDA 2
DC-WAN-RTR-01;Port-channel2.595;up;up;865;10.17.34.6;KCP LHOKSUKON
DC-WAN-RTR-01;Port-channel2.596;up;up;868;10.17.47.6;KCP GANDAPURA
DC-WAN-RTR-01;Port-channel2.597;up;up;720;10.34.5.10;KCP KUAMANG KUNING
DC-WAN-RTR-01;Port-channel2.598;up;up;858;10.16.83.6;KCP MEUREUDU 3
DC-WAN-RTR-01;Port-channel2.599;up;up;688;10.34.2.10;KCP JAMBI RIMBO BUJANG 1
DC-WAN-RTR-01;Port-channel2.600;up;up;683;10.32.12.10;KCP Tanggamus
DC-WAN-RTR-01;Port-channel2.601;up;up;673;10.32.10.10;KCP Bandar Lampung Antasari
DC-WAN-RTR-01;Port-channel2.602;up;up;705;10.32.8.10;KCP INDRALAYA
DC-WAN-RTR-01;Port-channel2.603;up;up;665;10.36.10.10;KCP PALEMBANG OPI JAKABARING
DC-WAN-RTR-01;Port-channel2.604;up;up;198;;KCP MUARA BELITI
DC-WAN-RTR-01;Port-channel2.605;up;up;664;10.80.114.10;KCP Bekasi Grand Wisat
DC-WAN-RTR-01;Port-channel2.606;up;up;783;10.17.30.6;KC LANGSA DARUSSALAM
DC-WAN-RTR-01;Port-channel2.607;up;up;752;10.49.16.6;KC Medan S Parman
DC-WAN-RTR-01;Port-channel2.608;up;up;719;10.176.101.10;KCP TOMONI
DC-WAN-RTR-01;Port-channel2.609;up;up;681;10.176.105.10;KCP Sidrap
DC-WAN-RTR-01;Port-channel2.610;up;up;700;10.36.9.10;KCP PANGKALAN BALAI
DC-WAN-RTR-01;Port-channel2.611;up;up;703;10.33.4.10;KCP PAGAR ALAM
DC-WAN-RTR-01;Port-channel2.612;up;up;657;10.144.26.6;KC Bogor Ahmad Yani
DC-WAN-RTR-01;Port-channel2.613;up;up;886;10.17.59.6;KCP PULAU TIGA
DC-WAN-RTR-01;Port-channel2.614;up;up;887;10.17.62.6;KCP KUTE BINJEI 2
DC-WAN-RTR-01;Port-channel2.615;up;up;957;10.17.12.10;KCP SUKARAMAI
DC-WAN-RTR-01;Port-channel2.616;up;up;900;10.17.64.6;KCP PEUREULAK 2
DC-WAN-RTR-01;Port-channel2.617;up;up;907;10.17.65.6;KCP LANGSA ISKANDAR MUDA
DC-WAN-RTR-01;Port-channel2.618;up;up;956;10.17.11.10;KCP PUPUK ISKANDAR MUDA
DC-WAN-RTR-01;Port-channel2.619;up;up;914;10.17.68.6;KCP GAMPONG JAWA
DC-WAN-RTR-01;Port-channel2.620;up;up;923;10.17.69.6;KCP PANTON LABU 3
DC-WAN-RTR-01;Port-channel2.621;up;up;955;10.17.8.10;KCP IDI RAYEUK 2
DC-WAN-RTR-01;Port-channel2.622;up;up;954;10.16.90.10;KCP MEUREUDU 2
DC-WAN-RTR-01;Port-channel2.623;up;up;927;10.17.73.6;KCP BLANG JREUN
DC-WAN-RTR-01;Port-channel2.624;up;up;950;10.16.13.10;KCP SABANG 2
DC-WAN-RTR-01;Port-channel2.625;up;up;932;10.16.2.10;KCP TEUKU UMAR
DC-WAN-RTR-01;Port-channel2.626;up;up;947;10.16.4.10;KCP LAMBARO SOETTA 2
DC-WAN-RTR-01;Port-channel2.627;up;up;781;10.18.19.6;KC TAPAKTUAN
DC-WAN-RTR-01;Port-channel2.628;up;up;755;10.16.57.6;KC SIGLI 2
DC-WAN-RTR-01;Port-channel2.629;up;up;748;10.18.47.6;KCP LADANG RIMBA
DC-WAN-RTR-01;Port-channel2.630;up;up;746;10.18.44.6;KCP SINGKIL BAHARI
DC-WAN-RTR-01;Port-channel2.631;up;up;718;10.176.96.10;KCP BULUKUMBA SAM RATULANGI
DC-WAN-RTR-01;Port-channel2.632;up;up;712;10.176.107.10;KCP WATANSOPPENG
DC-WAN-RTR-01;Port-channel2.633;up;up;735;10.18.38.6;KCP CALANG ALI GUNO
DC-WAN-RTR-01;Port-channel2.634;up;up;734;10.18.37.6;KCP SEUNAGAN
DC-WAN-RTR-01;Port-channel2.635;up;up;733;10.18.36.6;KCP CUT NYAK DIEN
DC-WAN-RTR-01;Port-channel2.636;up;up;809;10.18.29.6;KCP PEUKAN KOTA
DC-WAN-RTR-01;Port-channel2.637;up;up;815;10.18.25.6;KCP ALUE BILIE 2
DC-WAN-RTR-01;Port-channel2.638;up;up;829;10.18.20.6;KCP SINGKIL ISKANDAR MUDA
DC-WAN-RTR-01;Port-channel2.639;up;up;827;10.18.2.10;KCP NAGAN RAYA 1
DC-WAN-RTR-01;Port-channel2.640;up;up;826;10.17.87.6;KCP LAMPAHAN 2
DC-WAN-RTR-01;Port-channel2.641;up;up;825;10.17.86.6;KCP_RAKAL
DC-WAN-RTR-01;Port-channel2.642;up;up;986;10.17.85.6;KCP_PUTRI_HIJAU
DC-WAN-RTR-01;Port-channel2.643;up;up;985;10.17.82.6;KCP BENER MERIAH SYIAH UTAMA 2
DC-WAN-RTR-01;Port-channel2.644;up;up;983;10.17.79.6;KCP_KRUENG_MANE
DC-WAN-RTR-01;Port-channel2.645;up;up;982;10.17.78.6;KCP GEUDONG 2
DC-WAN-RTR-01;Port-channel2.646;up;up;981;10.16.80.6;KCP_BANDAR_BARU_SIGLI
DC-WAN-RTR-01;Port-channel2.647;up;up;753;10.113.12.2;KC_PURWAKARTA_VETERAN
DC-WAN-RTR-01;Port-channel2.648;up;up;850;10.18.28.6;KCP LABUHAN HAJI
DC-WAN-RTR-01;Port-channel2.649;up;up;977;10.16.75.6;KCP TRIENGGADENG
DC-WAN-RTR-01;Port-channel2.650;up;up;976;10.16.73.6;KCP BANDAR DUA
DC-WAN-RTR-01;Port-channel2.651;up;up;975;10.16.72.6;KCP KEMBANG TANJUNG
DC-WAN-RTR-01;Port-channel2.652;up;up;971;10.16.63.6;KCP JANTHO SUDIRMAN
DC-WAN-RTR-01;Port-channel2.653;up;up;969;10.16.61.6;KCP LHOKNGA
DC-WAN-RTR-01;Port-channel2.654;up;up;968;10.16.59.6;KCP ULEE GLE
DC-WAN-RTR-01;Port-channel2.655;up;up;966;10.16.51.6;KCP DARUSSALAM T NYAK ARIEF 2
DC-WAN-RTR-01;Port-channel2.656;up;up;965;10.16.41.6;KCP JAMBO TAPE
DC-WAN-RTR-01;Port-channel2.657;up;up;964;10.16.39.6;KCP SABANG 3
DC-WAN-RTR-01;Port-channel2.658;up;up;963;10.16.35.6;KCP LAMPRIET
DC-WAN-RTR-01;Port-channel2.659;up;up;717;10.178.4.10;KCP KOLAKA
DC-WAN-RTR-01;Port-channel2.660;up;up;962;10.18.5.10;KCP SUBULUSSALAM 2
DC-WAN-RTR-01;Port-channel2.661;up;up;961;10.18.4.10;KCP TAPAKTUAN MERDEKA 2
DC-WAN-RTR-01;Port-channel2.662;up;up;960;10.18.1.10;KCP MEULABOH NASIONAL 2
DC-WAN-RTR-01;Port-channel2.663;up;up;959;10.17.49.2;KCP_JEUMPA_BIREUN
DC-WAN-RTR-01;Port-channel2.664;up;up;885;10.17.58.6;KCP_KEJURUAN_MUDA
DC-WAN-RTR-01;Port-channel2.665;up;up;880;10.17.57.6;KCP_TUALANG_CUT
DC-WAN-RTR-01;Port-channel2.666;up;up;879;10.17.56.6;KCP SUNGAI LIPUT
DC-WAN-RTR-01;Port-channel2.667;up;up;911;10.17.66.6;KCP RANTAU PANJANG 2
DC-WAN-RTR-01;Port-channel2.668;up;up;874;10.17.54.6;KCP KARANG BARU
DC-WAN-RTR-01;Port-channel2.669;up;up;873;10.17.53.6;KCP PEUDADA
DC-WAN-RTR-01;Port-channel2.670;up;up;854;10.18.27.6;KCP_KUALA_BATEE
DC-WAN-RTR-01;Port-channel2.671;up;up;694;10.33.9.10;KCP BENGKULU ARGAMAKMUR
DC-WAN-RTR-01;Port-channel2.672;up;up;835;10.32.33.6;KC Bandar Lampung Kedaton
DC-WAN-RTR-01;Port-channel2.673;up;up;871;10.17.51.6;KCP SAMALANGA
DC-WAN-RTR-01;Port-channel2.674;up;up;973;10.16.69.6;KCP SEUTUI
DC-WAN-RTR-01;Port-channel2.675;up;up;970;10.16.62.6;KCP SEULIMUM
DC-WAN-RTR-01;Port-channel2.676;up;up;931;10.17.76.6;KCP BATUPHAT
DC-WAN-RTR-01;Port-channel2.677;up;up;967;10.16.55.6;KCP_SUKAMAKMUR_BANDA_ACEH
DC-WAN-RTR-01;Port-channel2.678;up;up;974;10.16.71.6;KCP SIGLI ISKANDAR MUDA
DC-WAN-RTR-01;Port-channel2.679;up;up;978;10.16.77.6;KCP GRONG-GRONG
DC-WAN-RTR-01;Port-channel2.680;up;up;979;10.16.79.6;KCP INDRAJAYA
DC-WAN-RTR-01;Port-channel2.681;up;up;786;10.144.39.2;KK_BOGOR_CIOMAS
DC-WAN-RTR-01;Port-channel2.682;up;up;833;10.131.17.6;KC_SOLO_VETERAN
DC-WAN-RTR-01;Port-channel2.683;up;up;846;10.112.60.2;KC_BANDUNG_SUNIARAJA
DC-WAN-RTR-01;Port-channel2.684;up;up;984;10.17.81.6;KCP_SIMPANG_BALIK
DC-WAN-RTR-01;Port-channel2.685;up;up;805;10.67.35.6;KK_SERANG_UNSERA
DC-WAN-RTR-01;Port-channel2.686;up;up;725;10.129.25.6;KCP Purwodadi Ahmad Yan
DC-WAN-RTR-01;Port-channel2.687;up;up;730;10.18.33.6;KCP LAUSER
DC-WAN-RTR-01;Port-channel2.688;up;up;841;10.67.20.2;KC Daan Mogot
DC-WAN-RTR-01;Port-channel2.689;up;up;754;10.97.19.6;KC_UNIVERSITAS_JEMBER
DC-WAN-RTR-01;Port-channel2.690;up;up;870;10.17.50.6;KCP MATANG GLUMPANG DUA 2
DC-WAN-RTR-01;Port-channel2.691;up;up;869;10.17.48.6;KCP KUTABLANG
DC-WAN-RTR-01;Port-channel2.692;up;up;864;10.17.31.6;KCP IDI RAYEUK 3
DC-WAN-RTR-01;Port-channel2.693;up;up;796;10.98.24.10;KKSy_UNISKA
DC-WAN-RTR-01;Port-channel2.694;up;up;704;10.33.11.10;KCP BENGKULU AMPERA MANNA
DC-WAN-RTR-01;Port-channel2.695;up;up;623;10.96.142.2;AFO DENPASAR
DC-WAN-RTR-01;Port-channel2.696;up;up;853;10.82.22.6;KC Jakarta Wahid Hasyim
DC-WAN-RTR-01;Port-channel2.697;up;up;698;10.33.10.10;KCP SELUMA
DC-WAN-RTR-01;Port-channel2.698;up;up;724;192.168.105.101;KCP_TANJUNG_BALAI
DC-WAN-RTR-01;Port-channel2.699;up;up;819;10.18.26.6;KCP_MANGGENG_PIDIE
DC-WAN-RTR-01;Port-channel2.700;up;up;949;10.16.12.10;KCP_LUENGBATA
DC-WAN-RTR-01;Port-channel2.701;up;up;751;10.18.48.6;KCP LIPAT KAJANG
DC-WAN-RTR-01;Port-channel2.702;up;up;731;10.18.35.6;KCP_KUALA_MEULABOH
DC-WAN-RTR-01;Port-channel2.703;up;up;744;10.18.43.6;KCP_KOTA_FAJAR_TAPAKTUAN
DC-WAN-RTR-01;Port-channel2.704;up;up;756;10.18.14.6;KC_KUTACANE
DC-WAN-RTR-01;Port-channel2.705;up;up;867;10.17.38.6;KCP BENER MERIAH PONDOK BARU 2
DC-WAN-RTR-01;Port-channel2.706;up;up;859;10.16.84.6;KCP_SIGLI_PADANG_TIJI
DC-WAN-RTR-01;Port-channel2.707;up;up;928;10.17.74.6;KCP_BLANG_MANGAT_LHOKSEUMAWE
DC-WAN-RTR-01;Port-channel2.708;up;up;926;10.17.71.6;KCP_SIMPANG_MULIENG
DC-WAN-RTR-01;Port-channel2.709;up;up;872;10.17.52.6;KCP_JEUNIB_BIREUEN
DC-WAN-RTR-01;Port-channel2.710;up;up;;;AREA FINANCING LHOKSEUMAWE
DC-WAN-RTR-01;Port-channel2.711;up;up;;;
DC-WAN-RTR-01;Port-channel2.712;up;up;;;KCP_SABANG_3
DC-WAN-RTR-01;Port-channel2.714;up;up;972;10.16.65.6;KCP_LAMNO
DC-WAN-RTR-01;Port-channel2.715;up;up;866;10.17.36.6;KCP_KREUNG_GEUKEUH
DC-WAN-RTR-01;Port-channel2.716;up;up;140;192.168.100.77;REGION MEDAN
DC-WAN-RTR-01;Port-channel2.717;up;up;149;10.82.245.2;PEJOMPONGAN A1
DC-WAN-RTR-01;Port-channel2.718;up;up;114;10.49.14.2;KCP_MEDAN_A_H_NASUTION
DC-WAN-RTR-01;Port-channel2.719;up;up;190;10.82.18.6;KCP BSI TOWER
DC-WAN-RTR-01;Port-channel2.720;up;up;196;10.129.160.2;KCP_SEMARANG_AMBARAWA
DC-WAN-RTR-01;Port-channel2.721;up;up;727;10.67.43.2;KCP_TANGERANG_BATUCEPER
DC-WAN-RTR-01;Port-channel2.722;up;up;729;10.82.1.2;KC_JAKARTA_THAMRIN
DC-WAN-RTR-01;Port-channel2.723;up;up;778;10.66.18.2;KCP_TANGERANG_SERUA
DC-WAN-RTR-01;Port-channel2.724;up;up;545;10.144.44.2;KCP_BOGOR_LEUWILIANG
DC-WAN-RTR-01;Port-channel2.778;up;up;;;
DC-WAN-RTR-01;Port-channel2.779;up;up;129;10.101.105.9;KCP_LAMONGAN_BABAT
DC-WAN-RTR-01;Port-channel3;administratively down;down;;;.: UPSTREAM ISP BACKUP METRO-E :.
DC-WAN-RTR-01;Port-channel10;up;up;1;;.: DOWNLINK-TO-DC-SW-LEAF1-2-BDR-L3 :.
DC-WAN-RTR-01;Port-channel10.38;administratively down;down;;;
DC-WAN-RTR-01;Port-channel10.51;up;up;51;10.0.126.20;.: P2P to FW-TIER1-SvrFarm :.
DC-WAN-RTR-01;Port-channel10.55;up;up;55;10.0.126.60;.:P2P to FW VPN (PALO):.
DC-WAN-RTR-01;Port-channel10.56;up;up;56;10.0.126.44;.: P2P to FW-TIER1-Dev :.
DC-WAN-RTR-01;Port-channel10.66;up;up;66;10.0.126.139;.: P2P to PaloAlto Extranet :.
DC-WAN-RTR-01;Port-channel10.67;up;up;67;10.0.126.131;.: P2P to PaloAlto Internet :.
DC-WAN-RTR-01;Port-channel10.69;up;up;69;10.0.126.147;.: P2P to PaloAlto Merger :.
DC-WAN-RTR-01;Port-channel10.70;up;up;70;10.0.126.172;.:P2P to RTR VG01:.
DC-WAN-RTR-01;Port-channel10.76;up;up;76;10.0.126.252;FW-VPN-SDWAN-Palo
DC-WAN-RTR-01;Port-channel10.78;up;up;78;172.25.128.1;P2P_RLAN-VeloPOC
DC-WAN-RTR-01;Port-channel10.81;up;up;81;10.0.126.117;.: P2P to FW-TIER1-ECommerce (DMZ) :.
DC-WAN-RTR-01;Port-channel10.91;up;up;91;10.0.126.124;.: P2P to PaloAlto VS New Extranet :.
DC-WAN-RTR-01;Port-channel10.94;up;up;94;10.0.126.220;.: P2P to FW-TIER1 (switching) :.
DC-WAN-RTR-01;Port-channel10.804;up;up;804;10.0.94.13;P2P_CiscoPOC-BDRLAN
DC-WAN-RTR-01;Port-channel10.808;up;up;808;10.0.94.1;P2P-PALO-POC-BDR-LAN
DC-WAN-RTR-01;Port-channel10.815;administratively down;down;815;10.0.94.41;.: P2P_WAN_to_FW_PRISMA:.
DC-WAN-RTR-01;Port-channel10.843;up;up;843;10.0.94.89;P2P_Prisma_SDWAN_ION_to_MPLS(WAN)
DC-WAN-RTR-01;Port-channel10.859;up;up;859;10.0.94.97;P2P_Prisma_SDWAN_ION_to_Internal(LAN)
DC-WAN-RTR-01;Port-channel10.1526;up;up;1526;10.250.0.74;.: P2P to DC-SW-CORE1-OFFICE-L3 :.
DC-WAN-RTR-01;Port-channel10.1530;up;up;1530;10.250.0.133;vrf P2P-RPASIG P2P WAN1_wan2_TO_CORE-SW
DC-WAN-RTR-01;Port-channel10.2232;up;up;2232;;BSI TOWER-REMPOA VIA TELKOM
DC-WAN-RTR-01;Port-channel10.2303;up;up;2303;10.0.93.19;.: P2P to PaloAlto Interconnect :.
DC-WAN-RTR-01;Port-channel10.2313;administratively down;down;2313;10.0.93.98;.: P2P to  FIREWALL PALO OLD SEGMENT  :.
DC-WAN-RTR-01;Port-channel10.2317;up;up;2317;10.0.93.114;.: P2P to FW-MGMT :.
DC-WAN-RTR-01;Port-channel10.2321;up;up;2321;10.0.93.138;.: P2P WAN to FW T1 DEV :.
DC-WAN-RTR-01;Port-channel10.2500;up;up;2500;10.2.72.250;BSI TOWER-REMPOA VIA TELKOM
DC-WAN-RTR-01;Port-channel13;down;down;;;
DC-WAN-RTR-01;Port-channel57;administratively down;down;;10.2.99.130;
DC-WAN-RTR-01;Tunnel1;up;up;;192.168.128.1;TUNNEL-DMVPN-TELKOM
DC-WAN-RTR-01;Tunnel2;up;up;;192.168.136.1;TUNNEL-DMVPN-ICON
DC-WAN-RTR-01;Tunnel4;up;up;;192.168.142.1;TUNNEL-DMVPN-SANATEL
DC-WAN-RTR-01;Tunnel130;up;down;;192.168.212.161;Tunnel_KCP_SUMBAWA_ARTACOM
DC-WAN-RTR-01;Tunnel160;up;up;;192.168.212.121;TUNNEL_BULA
DC-WAN-RTR-01;Tunnel170;up;up;;192.168.212.169;tunnel KCP_Ajibarang
DC-WAN-RTR-01;Tunnel180;up;up;;192.168.212.181;TUNNEL_SENDAWAR
DC-WAN-RTR-01;Tunnel2001;up;up;;172.23.254.250;
DC-WAN-RTR-02;TenGigabitEthernet0/0/0;up;up;;;.: Connect to DC-SW-LEAF1-BDR-L3 Port Eth:.
DC-WAN-RTR-02;TenGigabitEthernet0/0/1;up;up;;;.:Connect to DC-SW-LEAF2-BDR-L3 Eth:.
DC-WAN-RTR-02;TenGigabitEthernet0/0/2;up;up;;;.: MPLS to DC-SW-LEAF2-BDR-L3 Eth :.
DC-WAN-RTR-02;TenGigabitEthernet0/0/3;up;up;;;.: MPLS to DC-SW-LEAF2-BDR-L3 Eth :.
DC-WAN-RTR-02;TenGigabitEthernet0/0/4;up;up;;;.: METRO-E to DC-SW-LEAF1-BDR-L3 Eth :.
DC-WAN-RTR-02;TenGigabitEthernet0/0/5;up;up;;;.: METRO-E to DC-SW-LEAF2-BDR-L3 Eth :.
DC-WAN-RTR-02;TenGigabitEthernet0/0/6;up;up;;192.168.150.105;.: Connect to RR RMH BCP :.
DC-WAN-RTR-02;TenGigabitEthernet0/0/7;up;up;;2.2.2.1;.:BACKBONE DWDM REMPOA - SIGMA INDOSAT:.
DC-WAN-RTR-02;TenGigabitEthernet0/0/8;administratively down;down;;;
DC-WAN-RTR-02;TenGigabitEthernet0/0/9;up;up;;10.0.93.122;to-ROUTEPATH_MONITORING
DC-WAN-RTR-02;TenGigabitEthernet0/0/10;up;up;;10.220.254.253;.: Connect to DC-CORE-02 :.
DC-WAN-RTR-02;TenGigabitEthernet0/0/11;down;down;;;
DC-WAN-RTR-02;GigabitEthernet0;up;up;;10.0.122.29;
DC-WAN-RTR-02;Loopback0;up;up;;10.0.124.52;
DC-WAN-RTR-02;Port-channel1;up;up;1;;.: UPSTREAM ISP MPLS :.
DC-WAN-RTR-02;Port-channel1.1;up;up;10;80.80.80.14;.: Connect to MPLS LINTASARTA :.
DC-WAN-RTR-02;Port-channel1.2;up;up;11;153.153.153.2;.: Connect to MPLS INDOSAT :.
DC-WAN-RTR-02;Port-channel1.3;administratively down;down;12;181.181.2.10;.: Connect to MPLS ICON :.
DC-WAN-RTR-02;Port-channel1.4;up;up;13;192.168.255.90;.: Connect to MPLS ARTATECH :.
DC-WAN-RTR-02;Port-channel1.5;administratively down;down;14;192.168.255.102;.: Connect to MPLS ARTACOM OUTLET :.
DC-WAN-RTR-02;Port-channel1.6;administratively down;down;15;192.168.255.94;.: Connect to MPLS ARTAKOM ATM :.
DC-WAN-RTR-02;Port-channel1.7;administratively down;down;16;192.168.76.10;.: Connect to MPLS TELKOM :.
DC-WAN-RTR-02;Port-channel1.8;up;up;2001;10.0.126.230;.: BACKBONE REMPOA - THAMRIN LINTAS :.
DC-WAN-RTR-02;Port-channel1.9;up;up;2003;10.0.126.234;.: BACKBONE REMPOA - THAMRIN ICON :.
DC-WAN-RTR-02;Port-channel1.10;up;up;30;10.0.126.242;.: BACKBONE DWDM REMPOA - SIGMA INDOSAT :.
DC-WAN-RTR-02;Port-channel1.11;administratively down;down;31;192.168.255.67;BACKHAUL WINCOR 3C
DC-WAN-RTR-02;Port-channel1.14;up;up;2002;10.0.126.154;.: BACKBONE REMPOA - TOWER LINTAS :. TEMPORARY SHUT
DC-WAN-RTR-02;Port-channel1.15;up;up;2004;10.0.126.162;.: BACKBONE REMPOA - TOWER ICON :. TEMPORARY SHUT
DC-WAN-RTR-02;Port-channel1.19;up;up;;;
DC-WAN-RTR-02;Port-channel1.20;administratively down;down;830;30.90.9.250;.: Connect to METRO-E LINTASARTA :.
DC-WAN-RTR-02;Port-channel1.21;administratively down;down;2820;192.168.14.250;.: Connect to METRO-E TELKOM :.
DC-WAN-RTR-02;Port-channel1.22;administratively down;down;2501;;.: Connect to BRIS :.
DC-WAN-RTR-02;Port-channel1.23;up;up;559;30.90.9.190;DBO PEJOMPONGAN
DC-WAN-RTR-02;Port-channel1.24;up;up;510;30.90.9.197;.: Connect to AFO-BEKASI
DC-WAN-RTR-02;Port-channel1.25;up;up;2100;10.145.1.10;KCP_CIBUBUR_COUNTRY
DC-WAN-RTR-02;Port-channel1.26;up;up;2101;10.145.2.10;LINTAS_KC_DEPOK_MARGONDA_2
DC-WAN-RTR-02;Port-channel1.27;up;up;556;10.132.45.2;LINTAS_DIGILAB_YOGYA
DC-WAN-RTR-02;Port-channel1.28;up;up;2102;10.82.21.14;KCP PERTAMINA ex CIKINI
DC-WAN-RTR-02;Port-channel1.29;up;up;557;30.90.9.206;DIGILAB PEJOMPONGAN 3A
DC-WAN-RTR-02;Port-channel1.30;up;up;558;30.90.9.210;DIGILAB-PEJOMPONGAN-6A
DC-WAN-RTR-02;Port-channel1.31;up;up;2103;10.80.119.6;KC BEKASI SUMMARECON
DC-WAN-RTR-02;Port-channel1.32;up;up;2104;10.146.73.6;BRC FATMAWATI
DC-WAN-RTR-02;Port-channel2;up;up;1;;.: UPSTREAM ISP METRO-E INDOSAT :.
DC-WAN-RTR-02;Port-channel2.1;up;up;100;192.168.51.169;RFO MAKASSAR
DC-WAN-RTR-02;Port-channel2.2;up;up;101;10.4.44.1;LINK METRO E-LEARNING CIKINI | 192.168.50.158
DC-WAN-RTR-02;Port-channel2.3;up;up;102;192.168.50.197;LINK METRO KC PEKANBARU | 192.168.50.198
DC-WAN-RTR-02;Port-channel2.4;up;up;103;192.168.50.129;LINK METRO KC BOGOR - BACKUP | 192.168.50.130
DC-WAN-RTR-02;Port-channel2.5;up;up;104;192.168.50.153;LINK METRO KC P INDAH
DC-WAN-RTR-02;Port-channel2.6;up;up;;;
DC-WAN-RTR-02;Port-channel2.7;up;up;108;192.168.50.225;KCP_ROGOJAMPI
DC-WAN-RTR-02;Port-channel2.8;up;up;;;KCP SOREK
DC-WAN-RTR-02;Port-channel2.9;up;up;110;10.80.115.14;KCP PONDOK GEDE
DC-WAN-RTR-02;Port-channel2.10;up;up;111;192.168.50.213;LINK KCP CIBADAK
DC-WAN-RTR-02;Port-channel2.11;up;up;;;LINK KCP UJUNG TANJUNG
DC-WAN-RTR-02;Port-channel2.12;up;up;114;192.168.50.233;LINK kcp babat
DC-WAN-RTR-02;Port-channel2.13;up;up;115;192.168.54.53;KCP PALEMBANG SUDIRMAN
DC-WAN-RTR-02;Port-channel2.14;up;up;116;192.168.50.205;KC RAWAMANGUN
DC-WAN-RTR-02;Port-channel2.15;up;up;117;192.168.51.145;LINK CFBO SOLO
DC-WAN-RTR-02;Port-channel2.16;up;up;120;10.160.198.2;KCP PENAJAM 1
DC-WAN-RTR-02;Port-channel2.17;up;up;122;192.168.50.249;LINK KCP KARANG TENGAH | 192.168.50.249
DC-WAN-RTR-02;Port-channel2.18;up;up;123;192.168.50.121;KC SURABAYA DHARMO
DC-WAN-RTR-02;Port-channel2.19;up;up;124;192.168.51.1;LINK METRO KC MAKASSAR | 192.168.51.2
DC-WAN-RTR-02;Port-channel2.20;up;up;125;192.168.51.29;KC SOLO
DC-WAN-RTR-02;Port-channel2.21;up;up;126;192.168.51.5;LINK KCP PONDOK KELAPA | 192.168.51.5
DC-WAN-RTR-02;Port-channel2.22;up;up;127;192.168.51.9;LINK KC CENGKARENG | 192.168.51.9
DC-WAN-RTR-02;Port-channel2.23;up;up;128;192.168.51.45;GRAHA MANDIRI KP
DC-WAN-RTR-02;Port-channel2.24;up;up;130;192.168.51.33;WISMA ANTARA LT4
DC-WAN-RTR-02;Port-channel2.25;up;up;131;10.82.21.6;KCP GRHA PERTAMINA
DC-WAN-RTR-02;Port-channel2.26;up;up;175;192.168.55.33;DANAREKSA LT.9
DC-WAN-RTR-02;Port-channel2.27;up;up;144;;GEDUNG_DANAREKSA
DC-WAN-RTR-02;Port-channel2.28;up;up;;;LINK KC TANGERANG BSD
DC-WAN-RTR-02;Port-channel2.29;up;up;186;192.168.55.45;LINK REGIONAL OFFICE (RO) SEMARANG
DC-WAN-RTR-02;Port-channel2.30;up;up;133;10.132.32.6;kcp UGM
DC-WAN-RTR-02;Port-channel2.31;up;up;177;192.168.55.49;LINK KCP CIMONE
DC-WAN-RTR-02;Port-channel2.32;up;up;137;192.168.55.65;LINK AFO BATAM
DC-WAN-RTR-02;Port-channel2.33;up;up;170;192.168.55.69;LINK ONBOARDING KALIBATA
DC-WAN-RTR-02;Port-channel2.34;up;up;105;192.168.55.73;GRAHA SAHARJO
DC-WAN-RTR-02;Port-channel2.35;up;up;181;10.66.0.10;KC TANGERANG BSD ITC
DC-WAN-RTR-02;Port-channel2.36;up;up;106;10.161.4.14;KC Banjarbaru
DC-WAN-RTR-02;Port-channel2.37;up;up;148;10.101.55.14;KCP GRESIK SUDIRMAN
DC-WAN-RTR-02;Port-channel2.38;up;up;141;;KCP GEGER KALONG
DC-WAN-RTR-02;Port-channel2.39;up;up;185;10.101.58.14;KCP JOMBANG A WAHID
DC-WAN-RTR-02;Port-channel2.40;up;up;149;;
DC-WAN-RTR-02;Port-channel2.41;up;up;151;10.100.3.14;KCP SURABAYA DIPONEGORO
DC-WAN-RTR-02;Port-channel2.42;up;up;252;10.162.1.14;KCP SINTANG 2
DC-WAN-RTR-02;Port-channel2.43;up;up;165;10.100.7.14;KCP SURABAYA WIYUNG 3
DC-WAN-RTR-02;Port-channel2.44;up;up;147;10.101.56.14;KCP_MOJOKERTO_MOJOPAHIT1
DC-WAN-RTR-02;Port-channel2.45;up;up;194;10.98.3.14;KCP_KEDIRI_GUDANG_GARAM
DC-WAN-RTR-02;Port-channel2.46;up;up;121;192.168.55.1;AFO-BENGKULU
DC-WAN-RTR-02;Port-channel2.47;up;up;333;10.160.182.14;KCP_BALIKPAPAN_BARU2
DC-WAN-RTR-02;Port-channel2.48;up;up;163;192.168.55.77;AFO-CIREBON
DC-WAN-RTR-02;Port-channel2.49;up;up;193;10.144.7.10;KCP_BOGOR_MERDEKAPGB
DC-WAN-RTR-02;Port-channel2.50;up;up;250;10.147.7.14;KCP_UIN_SH
DC-WAN-RTR-02;Port-channel2.51;up;up;152;10.147.4.14;KCP_DEPOK_CINERE1
DC-WAN-RTR-02;Port-channel2.52;up;up;143;10.145.4.14;KCP_DEPOK_CITAYAM
DC-WAN-RTR-02;Port-channel2.53;up;up;171;10.148.101.6;COLLECTION SAHARJO DUNNINGCALL VIA INDOSAT
DC-WAN-RTR-02;Port-channel2.54;up;up;157;10.64.223.6;KCP_MERUYA_2
DC-WAN-RTR-02;Port-channel2.55;up;up;145;10.146.73.2;BRC FATMAWATI
DC-WAN-RTR-02;Port-channel2.56;up;up;142;10.112.34.14;KCP GEGER KALONG- KCP BANDUNG SETRASARI
DC-WAN-RTR-02;Port-channel2.58;up;up;221;10.80.129.6;KCP BEKASI HARAPAN INDAH 1
DC-WAN-RTR-02;Port-channel2.59;up;up;113;10.147.15.10;KCP TANGERANG SOUTHCITY
DC-WAN-RTR-02;Port-channel2.60;up;up;166;10.129.2.10;KCP_SEMARANG_MANYARAN
DC-WAN-RTR-02;Port-channel2.61;up;up;153;;KCP_SEMARANG_MANYARAN
DC-WAN-RTR-02;Port-channel2.62;up;up;107;10.49.17.10;KCP_CEMARA
DC-WAN-RTR-02;Port-channel2.63;up;up;109;10.82.18.10;KCP_DANAREKSA
DC-WAN-RTR-02;Port-channel2.64;up;up;260;10.148.8.6;KCP_SUCOFINDO
DC-WAN-RTR-02;Port-channel2.65;up;up;662;10.80.119.2;KC_BEKASI_SUMMARECON
DC-WAN-RTR-02;Port-channel2.66;up;up;173;10.101.81.10;KCP_GRESIK_SUTOMO
DC-WAN-RTR-02;Port-channel2.67;up;up;338;10.147.16.2;KCP_Jamik_Bintaro
DC-WAN-RTR-02;Port-channel2.68;up;up;135;10.50.22.2;LINK METRO AREA MEDAN RAYA| 10.50.22.1
DC-WAN-RTR-02;Port-channel2.100;up;up;176;192.168.51.161;LINK REGION MAKASSAR
DC-WAN-RTR-02;Port-channel2.101;up;up;331;10.176.155.2;FF Satelite MAKASSAR
DC-WAN-RTR-02;Port-channel2.102;up;up;304;10.82.27.6;KK GRAHA MANDIRI
DC-WAN-RTR-02;Port-channel2.103;up;up;158;10.177.26.2;AREA_MANADO
DC-WAN-RTR-02;Port-channel2.104;up;up;339;10.112.58.10;KCP BSI Lembang
DC-WAN-RTR-02;Port-channel2.105;up;up;340;10.147.5.2;KC Pondok Indah
DC-WAN-RTR-02;Port-channel2.106;up;up;150;10.36.35.2;AREA_PALEMBANG
DC-WAN-RTR-02;Port-channel2.107;up;up;180;10.67.34.2;KCP RS_KRAKATAU_CILEGON
DC-WAN-RTR-02;Port-channel2.108;up;up;341;10.48.194.2;BFO_TANJUNG_PINANG
DC-WAN-RTR-02;Port-channel2.109;up;up;442;10.161.40.2;RFO_BANJARMASIN
DC-WAN-RTR-02;Port-channel2.110;up;up;200;192.168.55.25;AFO_MALANG
DC-WAN-RTR-02;Port-channel2.111;up;up;179;10.100.41.2;AREA_SURABAYA_RAYA
DC-WAN-RTR-02;Port-channel2.112;up;up;443;10.65.4.10;KCP_JAKARTA_KEMAYORAN
DC-WAN-RTR-02;Port-channel2.113;up;up;187;10.66.16.2;AREA_TANGERANG_BSD
DC-WAN-RTR-02;Port-channel2.114;up;up;332;10.161.253.2;AREA_BANJARMASIN
DC-WAN-RTR-02;Port-channel2.115;up;up;270;10.100.42.2;AREA_SURABAYA_KOTA
DC-WAN-RTR-02;Port-channel2.116;up;up;118;10.2.232.6;RO_ACEH
DC-WAN-RTR-02;Port-channel2.117;up;up;132;10.82.38.1;KCP_UNISMA_BEKASI
DC-WAN-RTR-02;Port-channel2.118;up;up;112;192.168.54.165;RFO_HASANUDIN
DC-WAN-RTR-02;Port-channel2.119;up;up;342;10.65.23.10;KCP_GADING_RIVIERA
DC-WAN-RTR-02;Port-channel3;down;down;;;.: UPSTREAM ISP BACKUP METRO-E :.
DC-WAN-RTR-02;Port-channel10;up;up;1;;.: DOWNLINK-TO-DC-SW-LEAF1-2-BDR-L3 :.
DC-WAN-RTR-02;Port-channel10.8;up;up;;;
DC-WAN-RTR-02;Port-channel10.51;up;up;51;10.0.126.21;.: P2P to FW-TIER1-SvrFarm :.
DC-WAN-RTR-02;Port-channel10.55;up;up;55;10.0.126.61;.:P2P to FW VPN (PALO):.
DC-WAN-RTR-02;Port-channel10.56;up;up;56;10.0.126.45;.: P2P to FW-TIER1-Dev :.
DC-WAN-RTR-02;Port-channel10.66;up;up;66;10.0.126.140;.: P2P to PaloAlto Extranet :.
DC-WAN-RTR-02;Port-channel10.67;up;up;67;10.0.126.132;.: P2P to PaloAlto Internet :.
DC-WAN-RTR-02;Port-channel10.69;up;up;69;10.0.126.148;.: P2P to PaloAlto Merger :.
DC-WAN-RTR-02;Port-channel10.70;up;up;70;10.0.126.173;.:P2P to RTR VG01:.
DC-WAN-RTR-02;Port-channel10.74;up;up;74;172.25.128.9;P2P_RWAN-VeloPOC
DC-WAN-RTR-02;Port-channel10.76;up;up;76;10.0.126.253;FW-VPN-SDWAN-Palo
DC-WAN-RTR-02;Port-channel10.81;up;up;81;10.0.126.118;.: P2P to FW-TIER1-ECommerce (DMZ) :.
DC-WAN-RTR-02;Port-channel10.91;up;up;91;10.0.126.125;.: P2P to PaloAlto VS New Extranet :.
DC-WAN-RTR-02;Port-channel10.94;up;up;94;10.0.126.222;.: P2P to FW-TIER1 (switching) :.
DC-WAN-RTR-02;Port-channel10.803;up;up;803;10.0.94.9;P2P-PALO-POC-BDR-WAN
DC-WAN-RTR-02;Port-channel10.806;up;up;806;10.0.94.21;
DC-WAN-RTR-02;Port-channel10.815;administratively down;down;815;10.0.94.42;.: P2P_WAN_to_FW_PRISMA:.
DC-WAN-RTR-02;Port-channel10.843;up;up;843;10.0.94.91;P2P_Prisma_SDWAN_ION_to_MPLS(WAN)
DC-WAN-RTR-02;Port-channel10.859;up;up;859;10.0.94.99;P2P_Prisma_SDWAN_ION_to_Internal(LAN)
DC-WAN-RTR-02;Port-channel10.876;up;up;876;192.168.255.85;M2M-TELKOMSEL-ATM
DC-WAN-RTR-02;Port-channel10.999;administratively down;down;999;;
DC-WAN-RTR-02;Port-channel10.1526;up;up;1526;10.250.0.75;.: P2P to DC-SW-CORE1-OFFICE-L3 :.
DC-WAN-RTR-02;Port-channel10.1530;up;up;1530;10.250.0.134;vrf P2P-RPASIG P2P WAN1_wan2_TO_CORE-SW
DC-WAN-RTR-02;Port-channel10.2225;up;up;2225;10.0.94.217;ARTAKOM-M2M
DC-WAN-RTR-02;Port-channel10.2233;up;up;2233;10.2.72.254;BSI TOWER-REMPOA VIA FIBERSTAR
DC-WAN-RTR-02;Port-channel10.2303;up;up;2303;10.0.93.18;.: P2P to PaloAlto Interconnect :.
DC-WAN-RTR-02;Port-channel10.2313;administratively down;down;2313;10.0.93.99;.: P2P to  FIREWALL PALO OLD SEGMENT :.
DC-WAN-RTR-02;Port-channel10.2317;up;up;2317;10.0.93.115;.: P2P to FW-MGMT :.
DC-WAN-RTR-02;Port-channel10.2321;up;up;2321;10.0.93.139;.: P2P WAN to FW T1 DEV :.
DC-WAN-RTR-02;Tunnel1;up;down;;10.82.1.9;TUNNEL-DMVPN-LINTASARTA
DC-WAN-RTR-02;Tunnel2;up;up;;192.168.216.1;TUNNEL-DMVPN-ARTATECH
DC-WAN-RTR-02;Tunnel100;up;up;;192.168.212.137;Tunnel_KCP_RASUNA_SAID_via_Arthatech
DC-WAN-RTR-02;Tunnel110;up;up;;192.168.212.141;Tunnel_MIPA_UI_via_arthatech
DC-WAN-RTR-02;Tunnel120;up;up;;192.168.212.145;Tunnel_BEnkong_Via_Artatech
DC-WAN-RTR-02;Tunnel130;up;up;;192.168.212.33;Tunnel_KLINK_Via_Artatech
DC-WAN-RTR-02;Tunnel140;up;up;;192.168.212.165;Tunnel_Magelang_Via_Artatech
DC-WAN-RTR-02;Tunnel150;up;up;;192.168.212.173;
DC-WAN-RTR-02;Tunnel160;up;up;;192.168.212.177;Tunnel_kcp_anambas
DC-WAN-RTR-02;Tunnel170;up;up;;192.168.212.185;Tunnel_KFO_sungai_bahar
DC-WAN-RTR-02;Tunnel180;up;up;;192.168.212.189;Tunnel_KFO_Merlung
DC-WAN-RTR-02;Tunnel190;administratively down;down;;10.82.18.10;Tunnel_Abdul_Muis_via_arthatech
DC-WAN-RTR-02;Tunnel195;up;up;;10.18.200.10;Tunnel_BSI_TEST_PINPAD
DC-WAN-RTR-02;Tunnel230;up;up;;10.81.23.14;Tunnel_KCP_MTHARYONO_via_arthatech
DC-WAN-RTR-02;Tunnel241;up;up;;10.18.49.14;Tunnel_BRIS_Tapaktuan_Meukek_via_arthatech
DC-WAN-RTR-02;Tunnel242;up;up;;10.16.73.14;Tunnel_BANDAR-DUA_via_arthatech
DC-WAN-RTR-02;Tunnel243;up;up;;10.96.137.6;Tunnel_BRIS_MKK_MATARAM_VIA_ARTATECH
DC-WAN-RTR-02;Tunnel257;up;up;;10.162.20.14;Tunnel_BRIS_MKK_16_Pontianak_via_arthatech
DC-WAN-RTR-02;Tunnel258;administratively down;down;;10.100.37.14;Tunnel_BRIS_KK_Pasar_Grosir_SBY_via_arthatech
DC-WAN-RTR-02;Tunnel259;up;up;;10.100.6.10;Tunnel_BRIS_Surabaya_MERR_via_arthatech
DC-WAN-RTR-02;Tunnel260;administratively down;down;;10.99.18.10;Tunnel_BRIS_KC_MALANG_SOETTA_via_arthatech
DC-WAN-RTR-02;Tunnel261;up;up;;10.18.35.14;Tunnel_BRIS_Kuala_Meulaboh_via_arthatech
DC-WAN-RTR-02;Tunnel262;administratively down;down;;10.49.16.10;Tunnel_BRIS_MEdan_SParman_via_arthatech
DC-WAN-RTR-02;Tunnel263;up;up;;10.82.23.14;Tunnel_BRIS_KCP_Tanah_Abang_via_arthatech
DC-WAN-RTR-02;Tunnel264;up;up;;10.113.19.14;Tunnel_BRIS_MKK_KC_Cianjur_via_arthatech
DC-WAN-RTR-02;Tunnel265;up;up;;10.98.32.14;Tunnel_BRIS_MKK_KC_Kediri_via_arthatech
DC-WAN-RTR-02;Tunnel266;up;up;;10.114.82.14;Tunnel_BRIS_MKK_KC_Cirebon_via_arthatech
DC-WAN-RTR-02;Tunnel267;up;up;;10.131.24.14;Tunnel_BRIS_KPK_Jatisrono_via_arthatech
DC-WAN-RTR-02;Tunnel268;up;up;;10.18.44.14;Tunnel_BRIS_BAHARI_via_arthatech
DC-WAN-RTR-02;Tunnel270;up;up;;10.176.144.10;Tunnel_BRIS_MKK_Morowali_via_arthatech
DC-WAN-RTR-02;Tunnel271;up;up;;10.100.51.6;Tunnel_DRC_WORKING_ROOM
DC-WAN-RTR-02;Tunnel272;up;up;;10.65.14.14;Tunnel_BRIS_KCP_ITC_MANGGA2_LT2_via_arthatech
DC-WAN-RTR-02;Tunnel273;up;up;;10.65.25.14;Tunnel_BRIS_KCP_MANGGA2_Lt3_via_arthatech
DC-WAN-RTR-02;Tunnel274;up;up;;10.81.22.14;Tunnel_BRIS_KCP_MATRAMAN_via_arthatech
DC-WAN-RTR-02;Tunnel275;up;up;;10.65.17.14;Tunnel_BRIS_KCP_KELAPA_GADING_via_arthatech
DC-WAN-RTR-02;Tunnel276;up;up;;10.145.24.6;Tunnel_PP_Pengadilan_Agama_Depok
DC-WAN-RTR-02;Tunnel277;up;up;;10.66.12.6;Tunnel_BRIS_KCP_BINTARO_via_arthatech
DC-WAN-RTR-02;Tunnel278;up;up;;10.34.27.6;Tunnel_MKK_JAMBI_1
DC-WAN-RTR-02;Tunnel279;up;up;;10.129.31.10;Tunnel_MKK_KC_PURWOKERTO_SUDIRMAN
DC-WAN-RTR-02;Tunnel280;up;up;;;Tunnel_kejeren-soette_via_arthatech
DC-WAN-RTR-02;Tunnel281;up;up;;10.98.36.6;Tunnel_PP_PA_TULUNGAGUNG
DC-WAN-RTR-02;Tunnel282;up;up;;10.17.59.14;Tunnel_BRIS_KCP_PULAU_TIGA_via_arthatech
DC-WAN-RTR-02;Tunnel283;up;up;;10.17.64.14;Tunnel_BRIS_KCP_PEUREULAK_2_via-artatech
DC-WAN-RTR-02;Tunnel284;up;up;;10.17.83.14;Tunnel_KCP_JAGONG_via_arthatech
DC-WAN-RTR-02;Tunnel285;up;up;;10.18.41.14;KCP Meulaboh Samatiga_01472620120016_Arthatech
DC-WAN-RTR-02;Tunnel286;up;up;;10.16.78.14;KCP Sigli Tangse_01472621030051_Arthatech
DC-WAN-RTR-02;Tunnel287;up;up;;10.82.31.14;Tunnel_MKK_21_Abdul_Muis_via_arthatech
DC-WAN-RTR-02;Tunnel288;up;up;;10.17.90.14;Area Lhokseumawe_01475120030071_Arthatech
DC-WAN-RTR-02;Tunnel289;up;up;;10.148.147.6;Tunnel_MKK_SAHARJO
DC-WAN-RTR-02;Tunnel290;up;up;;10.147.22.6;Tunnel_PP_Dewan_Masjid_Indonesia
DC-WAN-RTR-02;Tunnel291;up;up;;10.101.105.6;Tunnel_PP_RS_MUH_Lamongan2
DC-WAN-RTR-02;Tunnel292;up;up;;10.82.39.6;Tunnel_PP_Masjid_Istiqlal
DC-WAN-RTR-02;Tunnel293;up;up;;10.100.39.10;Tunnel_PP_RS-MUH-LAMONGAN2
DC-WAN-RTR-02;Tunnel294;up;up;;10.80.140.6;Tunnel_PP_Yayasan_Teratai_Global
DC-WAN-RTR-02;Tunnel295;up;up;;10.82.33.6;Tunnel_PP_RS_Prima_Bekasi
DC-WAN-RTR-02;Tunnel296;up;up;;10.82.37.6;Tunnel_PP_DJP
DC-WAN-RTR-02;Tunnel297;up;up;;10.51.38.6;Tunnel_KK_PASIR_PANGARAIAN
DC-WAN-RTR-02;Tunnel298;up;up;;192.168.105.138;Tunnel_DIGILAB
DC-WAN-RTR-02;Tunnel299;up;up;;10.32.50.14;Tunnel_BRIS_MKK_TANJUNG_KARANG_via_arthatech
DC-WAN-RTR-02;Tunnel300;up;up;;10.82.9.14;Tunnel_BSI_KCP_BENHIL_via_arthatech
DC-WAN-RTR-02;Tunnel301;up;up;;10.82.41.6;Tunnel_PP_Ditjen-perbendaharaan
DC-WAN-RTR-02;Tunnel302;up;up;;10.16.115.6;Tunnel_PP_MALL_Publik_aceh
DC-WAN-RTR-02;Tunnel304;up;up;;10.147.24.6;Tunnel_PP_Sari-asih
DC-WAN-RTR-02;Tunnel305;up;up;;10.147.15.6;Tunnel_KCP_SOUTH_CITY
DC-WAN-RTR-02;Tunnel306;up;up;;10.82.18.2;Tunnel_KCP_KEMENRTIAN-BUMN-DANAREKSA
DC-WAN-RTR-02;Tunnel307;up;up;;10.16.45.2;Tunnel_KCP_BLANG_LANCANG
DC-WAN-RTR-02;Tunnel308;up;up;;10.17.67.10;Tunnel_KCP_INDRA_MAKMU
DC-WAN-RTR-02;Tunnel309;up;up;;10.99.31.6;Tunnel_KCP_MALANG_FIB_UB
DC-WAN-RTR-02;Tunnel310;up;up;;10.82.42.6;Tunnel_PP_Kemenkeu
DC-WAN-RTR-02;Tunnel320;up;up;;10.132.40.6;Tunnel_PP_JIH_YOGYA
DC-WAN-RTR-02;Tunnel321;up;up;;10.101.97.6;Tunnel_KFF_RSI_Jemur_via_arthatech
DC-WAN-RTR-02;Tunnel322;up;up;;10.132.46.6;Tunnel_PP_UNIV_AISYIYAH_YOGYAKARTA
DC-WAN-RTR-02;Tunnel323;up;up;;10.147.5.10;Tunnel_KC_Pondok_Indah
DC-WAN-RTR-02;Tunnel324;up;up;;10.16.111.6;Tunnel_KFF_BANDA-ACEH_TASPEN
DC-WAN-RTR-02;Tunnel325;up;up;;10.17.114.6;Tunnel_KFF_LHOKSEUMAWE_TASPEN
DC-WAN-RTR-02;Tunnel326;up;up;;10.128.24.6;Tunnel_PP-RSU-PKU-MUHAMMADIYAH-GOMBONG
DC-WAN-RTR-02;Tunnel327;up;up;;10.129.34.6;Tunnel_KFO_DR_KARIADI_SEMARANG
DC-WAN-RTR-02;Tunnel328;up;up;;10.18.15.6;Tunnel_KCP-BLANGKEJEREN-1
DC-WAN-RTR-02;Tunnel329;up;up;;10.101.102.6;Tunnel_KFF_QOMARUDDIN_BUNGAH
DC-WAN-RTR-02;Tunnel330;up;up;;10.50.21.6;TUnnel_KFO_MEDAN_IMIGRASI
DC-WAN-RTR-02;Tunnel331;up;up;;10.128.23.6;TUnnel_KFF_SD_02_AL_IRSYAD_PURWOKERTO
DC-WAN-RTR-02;Tunnel332;up;up;;10.82.43.6;Tunnel_MKK_THAMRIN
DC-WAN-RTR-02;Tunnel333;up;up;;10.16.112.6;Tunnel_KFF_MEULABOH
DC-WAN-RTR-02;Tunnel334;up;up;;10.98.30.6;Tunnel_KFF_UNIV_KADIRI
DC-WAN-RTR-02;Tunnel335;up;up;;10.98.31.6;Tunnel_KFF_PONPES_AL_MAHRUSIYAH
DC-WAN-RTR-02;Tunnel336;up;up;;10.98.27.6;Tunnel_KFF_KEDIRI_PGTKSD_PLUS_RAHMAT
DC-WAN-RTR-02;Tunnel337;up;up;;10.64.226.6;Tunnel_MKK_JAKARTA_BARAT
DC-WAN-RTR-02;Tunnel338;up;up;;10.144.39.10;Tunnel_KCP_BOGOR_CIOMAS
DC-WAN-RTR-02;Tunnel339;up;up;;10.128.26.6;Tunnel_KFF_AL_IRSYAD_PURWOKERTO
DC-WAN-RTR-02;Tunnel340;up;up;;10.64.227.6;Tunnel_KFF_JKT_RS_PELNI
DC-WAN-RTR-02;Tunnel341;up;up;;10.99.37.6;Tunnel_KEMENAG_KOTA_MALANG
DC-WAN-RTR-02;Tunnel342;up;up;;10.176.154.6;Tunnel_MKK_MAKASSAR
DC-WAN-RTR-02;Tunnel343;up;up;;10.99.38.6;Tunnel_KEMENAG_KAB_MALANG
DC-WAN-RTR-02;Tunnel344;up;up;;10.82.44.6;Tunnel_MKK_THAMRIN_2
DC-WAN-RTR-02;Tunnel345;up;up;;10.129.40.6;Tunnel_KFF_SEMARANG_UIN_WALISONGO
DC-WAN-RTR-02;Tunnel346;up;up;;10.97.25.6;Tunnel_KFF_SITUBONDO_PONPES_SALAFIYAH_SYAFI'IYAH_SUKOREJO
DC-WAN-RTR-02;Tunnel347;up;up;;10.16.117.6;Tunnel_UMKM_ACEH
DC-WAN-RTR-02;Tunnel348;up;up;;10.65.13.6;Tunnel_KCP_PELINDO
DC-WAN-RTR-02;Tunnel349;up;up;;10.17.31.14;Tunnel_KCP_IDI_RAYEUK_3
DC-WAN-RTR-02;Tunnel350;up;up;;10.129.35.10;Tunnel_KFF_SEMARANG_DIPONEGORO
DC-WAN-RTR-02;Tunnel351;up;up;;10.100.56.6;Tunnel_MKK_SURABAYA_DARMO
DC-WAN-RTR-02;Tunnel352;up;up;;10.16.118.6;Tunnel_MKK_ACEH_DIPONEGORO
DC-WAN-RTR-02;Tunnel353;up;up;;10.49.24.6;Tunnel_KFF_UNIVERSITAS_MUHAMMADIYAH_MEDAN
DC-WAN-RTR-02;Tunnel354;up;up;;10.18.27.14;Tunnel_KCP_KUALA_BATEE
DC-WAN-RTR-02;Tunnel355;up;up;;10.147.0.6;Tunnel_KCP_JAKARTA_PONDOK_LABU
DC-WAN-RTR-02;Tunnel356;up;up;;10.18.31.14;Tunnel_KCP_LAWE_SIGALA_GALA
DC-WAN-RTR-02;Tunnel357;up;up;;10.144.43.6;Tunnel_MKK_BOGOR
DC-WAN-RTR-02;Tunnel358;up;up;;10.36.31.6;Tunnel_MKK_MUKOMUKO
DC-WAN-RTR-02;Tunnel359;up;up;;10.176.142.6;Tunnel_KC_MAKASSAR_CPI_VIA_ARTATECH
DC-WAN-RTR-02;Tunnel360;up;up;;10.176.143.6;Tunnel_KC_MAKASSAR_CPI_PRIORITAS_VIA_ARTATECH
DC-WAN-RTR-02;Tunnel361;up;up;;10.112.76.6;Tunnel_MKK_BANDUNG_ASIA_AFRIKA
DC-WAN-RTR-02;Tunnel362;up;up;;10.112.78.6;Tunnel_MKK_BANDUNG_SUNIARAJA
DC-WAN-RTR-02;Tunnel363;up;up;;10.81.31.6;Tunnel_JAKARTA_DUREN_SAWIT
DC-WAN-RTR-02;Tunnel364;up;up;;10.67.39.6;Tunnel_TANGGERANG_CISOKA
DC-WAN-RTR-02;Tunnel365;up;up;;10.97.35.6;Tunnel_MKK_Banyuwangi
